10,0.021053549624978213,0.000029000000000000,0.008271000000000001
20,0.019640676783533942,0.000017000000000000,0.009561000000000000
30,0.017320774463631623,0.000014000000000000,0.012951000000000001
40,0.020059305773591517,0.000013000000000000,0.016926000000000000
50,0.016766091051805352,0.000014000000000000,0.021117000000000000
60,0.005956741671027390,0.000013000000000000,0.025297000000000000
70,0.011233211233211254,0.000015000000000000,0.029870000000000001
80,0.009685156113727555,0.000015000000000000,0.034589000000000002
90,0.006703878132449577,0.000012000000000000,0.037413000000000002
100,0.005796267224838665,0.000015000000000000,0.041721000000000001
110,0.011575725861440168,0.000014000000000000,0.045784999999999999
120,0.012031222745508491,0.000012000000000000,0.049806000000000003
130,0.011320425606139913,0.000015000000000000,0.055440999999999997
140,0.008529565672422825,0.000015000000000000,0.058739000000000000
150,0.005166579452293764,0.000014000000000000,0.064116000000000006
160,0.004232077446363182,0.000015000000000000,0.067086999999999994
170,0.006720636972737826,0.000015000000000000,0.072058999999999998
180,0.008064422350136654,0.000014000000000000,0.075703999999999994
190,0.008926161557740519,0.000014000000000000,0.079385999999999998
200,0.005111634397348694,0.000016000000000000,0.083297999999999997
210,0.005564276992848441,0.000016000000000000,0.088352000000000000
220,0.008646908646908678,0.000016000000000000,0.093568999999999999
230,0.008521981813907306,0.000016000000000000,0.097694000000000003
240,0.003595412523983968,0.000016000000000000,0.100716000000000000
250,0.011105529391243686,0.000015000000000000,0.105478000000000002
260,0.004796790511076253,0.000015000000000000,0.108794000000000002
270,0.006279434850863445,0.000015000000000000,0.113289000000000001
280,0.009310134310134333,0.000016000000000000,0.122652999999999998
290,0.005356766933121639,0.000014000000000000,0.120529999999999998
300,0.006607360893075188,0.000016000000000000,0.125252000000000002
310,0.005664432853372968,0.000014000000000000,0.129896000000000011
320,0.004729744461887331,0.000016000000000000,0.133125999999999994
330,0.007922236493665089,0.000015000000000000,0.137775000000000009
340,0.008401822267368506,0.000017000000000000,0.140822000000000003
350,0.006087563230420400,0.000015000000000000,0.145190999999999987
360,0.004317111459968624,0.000017000000000000,0.149221999999999994
370,0.005746720032434352,0.000016000000000000,0.153683999999999987
380,0.004713707345286307,0.000015000000000000,0.160371000000000014
390,0.002825745682888559,0.000015000000000000,0.167399999999999993
400,0.002971829757544073,0.000017000000000000,0.167641000000000012
410,0.003409018391596800,0.000024000000000000,0.170610000000000012
420,0.003331589045874789,0.000014000000000000,0.175466000000000011
430,0.004305550484952502,0.000015000000000000,0.178443999999999992
440,0.005984491698777438,0.000015000000000000,0.183954000000000006
450,0.004813070527356254,0.000015000000000000,0.187853999999999993
460,0.005054262507678661,0.000016000000000000,0.191174000000000011
470,0.006237868851850636,0.000016000000000000,0.197723000000000010
480,0.004335644514215972,0.000015000000000000,0.199669000000000013
490,0.005192992948095006,0.000017000000000000,0.207371000000000000
500,0.003365428222571111,0.000017000000000000,0.209255999999999998
510,0.004038538492320036,0.000015000000000000,0.212383999999999989
520,0.006222745508459830,0.000016000000000000,0.217316000000000009
530,0.003155843856652487,0.000015000000000000,0.224293999999999993
540,0.005419888753222107,0.000015000000000000,0.233089999999999992
550,0.007053898482469926,0.000016000000000000,0.232945999999999986
560,0.003660823303680471,0.000014000000000000,0.235781999999999992
570,0.004110092080016904,0.000016000000000000,0.244498999999999994
580,0.005073169851495004,0.000016000000000000,0.254504000000000008
590,0.006400648047137176,0.000015000000000000,0.251663000000000026
600,0.004011861154718314,0.000015000000000000,0.252680999999999989
610,0.003982122483293458,0.000016000000000000,0.261545000000000027
620,0.003201611496542401,0.000015000000000000,0.262564999999999993
630,0.004901447758590646,0.000015000000000000,0.265402000000000027
640,0.003832799145299166,0.000015000000000000,0.271475999999999995
650,0.003436246293389174,0.000016000000000000,0.278067999999999982
660,0.004016618302332624,0.000015000000000000,0.282523999999999997
670,0.003302430807761317,0.000015000000000000,0.283494999999999997
680,0.003852823180554302,0.000031000000000000,0.289854999999999974
690,0.002398016062612360,0.000015000000000000,0.291302999999999979
700,0.003567067852782160,0.000015000000000000,0.293078999999999978
710,0.003236267421378096,0.000016000000000000,0.299223000000000017
720,0.002620791906506221,0.000014000000000000,0.300711000000000006
730,0.003068273322676471,0.000015000000000000,0.303219999999999990
740,0.004339740054025771,0.000015000000000000,0.309425999999999979
750,0.003007849293563609,0.000015000000000000,0.315329000000000026
760,0.002092915438780116,0.000015000000000000,0.319384999999999974
770,0.002811474240045700,0.000014000000000000,0.321242000000000028
780,0.003139717425431720,0.000016000000000000,0.330542000000000002
790,0.003473560797249787,0.000017000000000000,0.332556999999999992
800,0.002361329147043460,0.000017000000000000,0.332154999999999978
810,0.003300579491055706,0.000022000000000000,0.350134000000000001
820,0.003002727044538908,0.000016000000000000,0.350495999999999974
830,0.001977979946998897,0.000017000000000000,0.350003999999999982
840,0.002729809872667039,0.000015000000000000,0.363458999999999977
850,0.004974913042139943,0.000015000000000000,0.360217000000000009
860,0.002171840710046712,0.000016000000000000,0.360420000000000018
870,0.003613682431416446,0.000014000000000000,0.363122999999999974
880,0.002326839826839850,0.000016000000000000,0.368821000000000010
890,0.002689142496526149,0.000015000000000000,0.373431999999999986
900,0.003143787429501742,0.000016000000000000,0.378979000000000010
910,0.003680446537589415,0.000016000000000000,0.382730000000000015
920,0.002953912891801122,0.000016000000000000,0.393222000000000016
930,0.002244504087822089,0.000016000000000000,0.398880000000000012
940,0.003697147162192786,0.000015000000000000,0.393438999999999983
950,0.003360415691242783,0.000016000000000000,0.407961000000000018
960,0.002968014128728437,0.000015000000000000,0.407032999999999978
970,0.003092783505154659,0.000016000000000000,0.411528000000000005
980,0.002831975280954891,0.000015000000000000,0.417524000000000006
990,0.005551062693919857,0.000024000000000000,0.455820000000000003
1000,0.003176696319553493,0.000015000000000000,0.431686000000000014
1010,0.003913421169432506,0.000017000000000000,0.571525999999999978
1020,0.001961297339448607,0.000015000000000000,0.519166000000000016
1030,0.002632011231179073,0.000017000000000000,0.437744000000000022
1040,0.002721088435374171,0.000016000000000000,0.446504999999999985
1050,0.002769928484214214,0.000015000000000000,0.450077000000000005
1060,0.001751857007921709,0.000015000000000000,0.452732000000000023
1070,0.003240136217439313,0.000015000000000000,0.447956000000000021
1080,0.001956509099366252,0.000014000000000000,0.462338000000000027
1090,0.002837747660814517,0.000027000000000000,0.520927000000000029
1100,0.004257488543202857,0.000017000000000000,0.573405000000000054
1110,0.001859316145030443,0.000015000000000000,0.537140999999999980
1120,0.002701465201465226,0.000025000000000000,0.530575000000000019
1130,0.002776041208405329,0.000016000000000000,0.522035000000000027
1140,0.003272834099901787,0.000017000000000000,0.533390000000000031
1150,0.003634488354985279,0.000016000000000000,0.518110999999999988
1160,0.002621694124157195,0.000018000000000000,0.536691999999999947
1170,0.002511773940345379,0.000016000000000000,0.503808000000000034
1180,0.003243931210032914,0.000017000000000000,0.527029999999999998
1190,0.005895691609977345,0.000024000000000000,0.531895000000000007
1200,0.002117128902843197,0.000018000000000000,0.531966999999999968
1210,0.002622485739368877,0.000019000000000000,0.624551999999999996
1220,0.003208202154338001,0.000016000000000000,0.604752999999999985
1230,0.003109936907846337,0.000017000000000000,0.574303000000000008
1240,0.002737405963212430,0.000027000000000000,0.633793000000000051
1250,0.001921227978370854,0.000035000000000000,0.599661000000000000
1260,0.002537938252223986,0.000014000000000000,0.578045999999999949
1270,0.002979160571961508,0.000030000000000000,0.586867000000000028
1280,0.002591084510727387,0.000024000000000000,0.632645000000000013
1290,0.002642798323861472,0.000029000000000000,0.624672000000000005
1300,0.003017617303331623,0.000017000000000000,0.687678000000000011
1310,0.003212285109776948,0.000015000000000000,0.557074999999999987
1320,0.004135943421657735,0.000016000000000000,0.561761999999999984
1330,0.003147061793678358,0.000017000000000000,0.561776999999999971
1340,0.003607030259482304,0.000015000000000000,0.565239999999999965
1350,0.004320018605732906,0.000025000000000000,0.563328000000000051
1360,0.002795605421655870,0.000016000000000000,0.573583999999999983
1370,0.002776345424937735,0.000016000000000000,0.581512999999999947
1380,0.002598229927422496,0.000015000000000000,0.672475999999999963
1390,0.002506252454865008,0.000017000000000000,0.646909999999999985
1400,0.002718472004186306,0.000016000000000000,0.643633000000000011
1410,0.001910922579615617,0.000017000000000000,0.604535000000000045
1420,0.002696643843525148,0.000025000000000000,0.695208000000000048
1430,0.001639630211058815,0.000018000000000000,0.663368999999999986
1440,0.002447453340310499,0.000015000000000000,0.618569999999999953
1450,0.001547964897718622,0.000017000000000000,0.630793999999999966
1460,0.003554164904458465,0.000018000000000000,0.643854999999999955
1470,0.002202785876255297,0.000015000000000000,0.632978999999999958
1480,0.002272641558355876,0.000016000000000000,0.631085000000000007
1490,0.002130606157451815,0.000016000000000000,0.659955999999999987
1500,0.001994418280132572,0.000014000000000000,0.622062000000000004
1510,0.002498027568983130,0.000016000000000000,0.628739000000000048
1520,0.003095421704444268,0.000016000000000000,0.671916999999999986
1530,0.003632564136765833,0.000015000000000000,0.685505999999999949
1540,0.002520495377638258,0.000016000000000000,0.662807000000000035
1550,0.001242495343877856,0.000016000000000000,0.658268999999999993
1560,0.002751613465899196,0.000016000000000000,0.681316999999999950
1570,0.002464333765516676,0.000016000000000000,0.687269000000000019
1580,0.004578092191112113,0.000025000000000000,0.666907000000000028
1590,0.001504036544467822,0.000016000000000000,0.728574000000000055
1600,0.002446908250479688,0.000016000000000000,0.685601000000000016
1610,0.002957704821058869,0.000016000000000000,0.688660000000000050
1620,0.001702941385481091,0.000016000000000000,0.682730999999999977
1630,0.002877004191640497,0.000016000000000000,0.674004999999999965
1640,0.001600171025258148,0.000015000000000000,0.678342000000000001
1650,0.002161647875933596,0.000015000000000000,0.692077999999999971
1660,0.003065007281874761,0.000016000000000000,0.696420999999999957
1670,0.001495909280340430,0.000015000000000000,0.700096999999999969
1680,0.003431885574742744,0.000015000000000000,0.704768999999999979
1690,0.004481477008949557,0.000015000000000000,0.709996999999999989
1700,0.002293635402879114,0.000015000000000000,0.706830999999999987
1710,0.001588219633332435,0.000015000000000000,0.708639000000000019
1720,0.002623428620106381,0.000015000000000000,0.713875000000000037
1730,0.002810117673866656,0.000015000000000000,0.716053000000000051
1740,0.001695567705419938,0.000015000000000000,0.723242999999999969
1750,0.001292168149311027,0.000025000000000000,0.729399000000000020
1760,0.002541109683966843,0.000017000000000000,0.741701000000000055
1770,0.001833866967038903,0.000015000000000000,0.735257999999999967
1780,0.002924915284465857,0.000016000000000000,0.740877000000000008
1790,0.002130077070220750,0.000015000000000000,0.747272000000000047
1800,0.001740798883656040,0.000015000000000000,0.742426999999999948
1810,0.001676346980214400,0.000016000000000000,0.753089000000000008
1820,0.001892551892551902,0.000015000000000000,0.751759999999999984
1830,0.002663326785106678,0.000016000000000000,0.763266000000000000
1840,0.001997303938297747,0.000016000000000000,0.762962000000000029
1850,0.001367898510755678,0.000015000000000000,0.764762999999999971
1860,0.003877382218396060,0.000016000000000000,0.780425000000000035
1870,0.003230196507507444,0.000016000000000000,0.776691000000000020
1880,0.001279917313351983,0.000016000000000000,0.779005999999999976
1890,0.002476888191173918,0.000015000000000000,0.783715000000000050
1900,0.000860576349298176,0.000016000000000000,0.788791000000000020
1910,0.001923830345670318,0.000015000000000000,0.791254000000000013
1920,0.001508536106750414,0.000014000000000000,0.796768999999999950
1930,0.002792396352722055,0.000015000000000000,0.800084000000000017
1940,0.002186653143943296,0.000015000000000000,0.804257000000000000
1950,0.000966335252049552,0.000015000000000000,0.810189999999999966
1960,0.002422067728190192,0.000015000000000000,0.812779000000000029
1970,0.002488044547507957,0.000016000000000000,0.818088000000000037
1980,0.001468372896944345,0.000015000000000000,0.820829999999999949
1990,0.002685676770386053,0.000016000000000000,0.824039999999999995
2000,0.002293825222396676,0.000024000000000000,0.829231999999999969
2010,0.002036650863942994,0.000015000000000000,0.832112999999999992
2020,0.002461085983009615,0.000015000000000000,0.840000999999999998
2030,0.001469411814239416,0.000016000000000000,0.842018000000000044
2040,0.002192158914848006,0.000015000000000000,0.852137999999999951
2050,0.001416871939520040,0.000016000000000000,0.848434000000000021
2060,0.002290012345490860,0.000016000000000000,0.859627000000000030
2070,0.001481885953935662,0.000015000000000000,0.856329000000000007
2080,0.002675300889586639,0.000016000000000000,0.862900000000000000
2090,0.001673097161818998,0.000019000000000000,0.864628999999999981
2100,0.002974010116867269,0.000015000000000000,0.874118999999999979
2110,0.002484741618120109,0.000015000000000000,0.874147000000000007
2120,0.001754407616941335,0.000015000000000000,0.877519000000000049
2130,0.001150738374078444,0.000015000000000000,0.883800999999999948
2140,0.001814874044513589,0.000015000000000000,0.885206000000000048
2150,0.002126976014019218,0.000016000000000000,0.889035000000000020
2160,0.003307847355466439,0.000014000000000000,0.896128000000000036
2170,0.001792114695340524,0.000016000000000000,0.898863999999999996
2180,0.001802537058107208,0.000016000000000000,0.902953000000000006
2190,0.002200669519651916,0.000015000000000000,0.905703999999999954
2200,0.003161917447631749,0.000015000000000000,0.912946000000000035
2210,0.001551389786683939,0.000015000000000000,0.916437999999999975
2220,0.001530494387637265,0.000014000000000000,0.918301999999999952
2230,0.002194125896880558,0.000025000000000000,0.921514999999999973
2240,0.001689778475492801,0.000014000000000000,0.930474000000000023
2250,0.002398278969707563,0.000015000000000000,0.940304000000000029
2260,0.001872176145248226,0.000016000000000000,0.940633999999999970
2270,0.001910186869280656,0.000016000000000000,0.937881999999999993
2280,0.001786058552975862,0.000015000000000000,0.953524999999999956
2290,0.002697171131357064,0.000016000000000000,0.948149000000000020
2300,0.001626510135826931,0.000015000000000000,0.952637999999999985
2310,0.002803545660688538,0.000015000000000000,0.958207999999999949
2320,0.002613423795689839,0.000015000000000000,0.970168999999999948
2330,0.002463338146967844,0.000016000000000000,0.964604000000000017
2340,0.002482702482702511,0.000014000000000000,0.972418000000000005
2350,0.002601066613224690,0.000015000000000000,0.971779999999999977
2360,0.001439554526721631,0.000015000000000000,0.979808000000000012
2370,0.002343306683270529,0.000015000000000000,0.981682000000000055
2380,0.001464175413755272,0.000015000000000000,0.981383000000000005
2390,0.001069635020621299,0.000015000000000000,0.989311000000000051
2400,0.003293868829583130,0.000015000000000000,0.994450999999999974
2410,0.003074578059758875,0.000015000000000000,1.006534000000000040
2420,0.002011048114944249,0.000015000000000000,1.014375000000000027
2430,0.001362913003124668,0.000028000000000000,1.013011000000000106
2440,0.001603386205259762,0.000015000000000000,1.008785999999999961
2450,0.001757743390396469,0.000015000000000000,1.017301999999999929
2460,0.003415825367044893,0.000016000000000000,1.021288999999999891
2470,0.002049078740808085,0.000016000000000000,1.022189999999999932
2480,0.002352326373063723,0.000016000000000000,1.027652000000000010
2490,0.001849365016318558,0.000015000000000000,1.033536000000000010
2500,0.002025466596895181,0.000028000000000000,1.064486999999999961
2510,0.002760838731242847,0.000018000000000000,1.272952000000000083
2520,0.001867841153555461,0.000015000000000000,1.072800999999999894
2530,0.002209522706417139,0.000016000000000000,1.077722999999999987
2540,0.002236533620110694,0.000016000000000000,1.064384999999999915
2550,0.001129477431998447,0.000015000000000000,1.062977999999999978
2560,0.001796002856270735,0.000015000000000000,1.067506000000000066
2570,0.001895097059077064,0.000015000000000000,1.079436000000000062
2580,0.002011609652805686,0.000015000000000000,1.082716000000000012
2590,0.003046845903988787,0.000038000000000000,1.080608999999999931
2600,0.001622187336473077,0.000016000000000000,1.090784999999999894
2610,0.001520938466751292,0.000015000000000000,1.095207999999999959
2620,0.001855202836664143,0.000016000000000000,1.107687000000000088
2630,0.001581133574615403,0.000016000000000000,1.097448999999999897
2640,0.001915742987171574,0.000015000000000000,1.108985000000000110
2650,0.002768546218681015,0.000017000000000000,1.115129000000000037
2660,0.001775042000605924,0.000016000000000000,1.108338000000000045
2670,0.001214729625644586,0.000016000000000000,1.120500999999999969
2680,0.002182311883804438,0.000016000000000000,1.128333000000000030
2690,0.001079837139316718,0.000016000000000000,1.121761999999999926
2700,0.001923173827935751,0.000015000000000000,1.135996000000000006
2710,0.001892970264082563,0.000016000000000000,1.132849999999999913
2720,0.002764310852546177,0.000016000000000000,1.136141999999999985
2730,0.001116343973486868,0.000016000000000000,1.145175000000000054
2740,0.001535227604049320,0.000015000000000000,1.148457000000000061
2750,0.001620347906062208,0.000016000000000000,1.155138999999999916
2760,0.003621482037631134,0.000025000000000000,1.157222999999999891
2770,0.001830242418174362,0.000016000000000000,1.155054999999999943
2780,0.002366207504953686,0.000015000000000000,1.177666000000000102
2790,0.001238631653378228,0.000015000000000000,1.309169999999999945
2800,0.002472091400662842,0.000017000000000000,1.271835999999999967
2810,0.001359799326245713,0.000016000000000000,1.219788000000000094
2820,0.001364069905103371,0.000015000000000000,1.199945999999999957
2830,0.003464352126643921,0.000016000000000000,1.185376999999999903
2840,0.001666040197227332,0.000015000000000000,1.189613000000000032
2850,0.001798819392804376,0.000015000000000000,1.193445000000000089
2860,0.003276088990374728,0.000016000000000000,1.197322999999999915
2870,0.002230986203111663,0.000015000000000000,1.207351999999999981
2880,0.001103261817547549,0.000016000000000000,1.210901999999999923
2890,0.001729802026391267,0.000016000000000000,1.213170000000000082
2900,0.001471637284445194,0.000016000000000000,1.215738999999999903
2910,0.002135763107780800,0.000015000000000000,1.213063000000000002
2920,0.001674515960230259,0.000015000000000000,1.223716999999999944
2930,0.001678087879940660,0.000016000000000000,1.229908999999999919
2940,0.001456480027908627,0.000015000000000000,1.228885000000000005
2950,0.001314956230210489,0.000016000000000000,1.238369999999999971
2960,0.002944310087167250,0.000017000000000000,1.235694999999999988
2970,0.001344510868320416,0.000015000000000000,1.243219999999999992
2980,0.000885372218066395,0.000016000000000000,1.250583999999999918
2990,0.002686202686202700,0.000016000000000000,1.249417999999999918
3000,0.001918716204430508,0.000015000000000000,1.257826000000000111
3010,0.002481755970128088,0.000016000000000000,1.266478999999999910
3020,0.002975569579164686,0.000016000000000000,1.275665999999999967
3030,0.003174257771146040,0.000016000000000000,1.267247999999999930
3040,0.002232687946973672,0.000016000000000000,1.273123999999999922
3050,0.001052920537698093,0.000016000000000000,1.282126000000000099
3060,0.003501913585947219,0.000016000000000000,1.283870000000000067
3070,0.001186058654648713,0.000015000000000000,1.281002999999999892
3080,0.001445776445776469,0.000018000000000000,1.288839999999999986
3090,0.001633025627477811,0.000018000000000000,1.292254999999999932
3100,0.001277099756362446,0.000016000000000000,1.328513999999999973
3110,0.002135321933208957,0.000016000000000000,1.300570999999999922
3120,0.001519710448281883,0.000015000000000000,1.314297999999999966
3130,0.000821041122273455,0.000016000000000000,1.310057000000000027
3140,0.001550082714777909,0.000015000000000000,1.314446000000000003
3150,0.001396592825164270,0.000016000000000000,1.319082000000000088
3160,0.001545295170973317,0.000016000000000000,1.326098999999999917
3170,0.001681284015668886,0.000016000000000000,1.330675000000000052
3180,0.001246013644935505,0.000024000000000000,1.333680999999999894
3190,0.001338890994063432,0.000015000000000000,1.332397000000000054
3200,0.000880374585731760,0.000016000000000000,1.337846000000000091
3210,0.002676584652552625,0.000016000000000000,1.340162000000000075
3220,0.002252785172039845,0.000017000000000000,1.345944000000000029
3230,0.002155194061430256,0.000016000000000000,1.350427000000000044
3240,0.001448889147301873,0.000016000000000000,1.361061000000000076
3250,0.002002442002442014,0.000016000000000000,1.364276999999999962
3260,0.001197779725387109,0.000016000000000000,1.375046999999999908
3270,0.001545054625002216,0.000015000000000000,1.367293000000000092
3280,0.002267520516649465,0.000015000000000000,1.379536000000000096
3290,0.000914451978281779,0.000016000000000000,1.371968999999999994
3300,0.002428999571856731,0.000016000000000000,1.385345999999999966
3310,0.001321548063024125,0.000016000000000000,1.384276999999999980
3320,0.002016438333133715,0.000016000000000000,1.385883999999999894
3330,0.002157887872173610,0.000015000000000000,1.392344999999999944
3340,0.002527336744616489,0.000016000000000000,1.403459000000000012
3350,0.001978907138821862,0.000015000000000000,1.401416999999999913
3360,0.001847854526425978,0.000016000000000000,1.402103000000000099
3370,0.002597642572208093,0.000016000000000000,1.408479000000000037
3380,0.001235760576419938,0.000024000000000000,1.419438999999999895
3390,0.003702057178669081,0.000016000000000000,1.421291000000000082
3400,0.002438770379946868,0.000015000000000000,1.431821000000000010
3410,0.002439393683633337,0.000015000000000000,1.431704000000000088
3420,0.001817272118024013,0.000015000000000000,1.427084000000000019
3430,0.000966121665830141,0.000016000000000000,1.429494999999999960
3440,0.001116648209671482,0.000016000000000000,1.433867000000000003
3450,0.002130760888524876,0.000015000000000000,1.450779000000000041
3460,0.001708040560228858,0.000016000000000000,1.451440000000000063
3470,0.001754290720943693,0.000015000000000000,1.459214000000000011
3480,0.001883980824867543,0.000016000000000000,1.451680999999999999
3490,0.001938108282766507,0.000015000000000000,1.458142000000000049
3500,0.002122100122100130,0.000015000000000000,1.463888999999999996
3510,0.001668701668701690,0.000016000000000000,1.473286000000000096
3520,0.002021837289694454,0.000016000000000000,1.472615000000000007
3530,0.001389846270461421,0.000021000000000000,1.483362000000000069
3540,0.001058841615742375,0.000016000000000000,1.481260999999999939
3550,0.002523959385126399,0.000015000000000000,1.487152999999999947
3560,0.001626499058280784,0.000015000000000000,1.490712999999999955
3570,0.001701193297831959,0.000015000000000000,1.490088000000000079
3580,0.002016211154279810,0.000016000000000000,1.499984999999999902
3590,0.001713580225319211,0.000021000000000000,1.508121000000000045
3600,0.001574074074074102,0.000015000000000000,1.502235999999999905
3610,0.001501778351798160,0.000015000000000000,1.512278999999999929
3620,0.002163831958622830,0.000016000000000000,1.515249000000000068
3630,0.001690661430921203,0.000015000000000000,1.516937999999999898
3640,0.002162916448630751,0.000017000000000000,1.522524999999999906
3650,0.001159736110812461,0.000017000000000000,1.525983000000000089
3660,0.001734994123752926,0.000015000000000000,1.526620000000000088
3670,0.001436874617100405,0.000016000000000000,1.538343999999999934
3680,0.001310253755905949,0.000016000000000000,1.535490000000000022
3690,0.001643459134748349,0.000017000000000000,1.547987000000000002
3700,0.001284738427595587,0.000016000000000000,1.544381999999999922
3710,0.001769299882507460,0.000017000000000000,1.548094000000000081
3720,0.001682674724149392,0.000017000000000000,1.559738999999999987
3730,0.001514490445934360,0.000017000000000000,1.567066999999999988
3740,0.001326824436068151,0.000016000000000000,1.561090000000000089
3750,0.001165463108320280,0.000014000000000000,1.571727000000000096
3760,0.000780846981454914,0.000016000000000000,1.578648999999999969
3770,0.001355732390215175,0.000016000000000000,1.580777000000000099
3780,0.001228753609706008,0.000015000000000000,1.585960000000000036
3790,0.001227582569459713,0.000016000000000000,1.589507999999999921
3800,0.001165597143040773,0.000017000000000000,1.587569999999999926
3810,0.002498726120773399,0.000015000000000000,1.585202000000000000
3820,0.001015613655853017,0.000016000000000000,1.600919999999999899
3830,0.001851677271296833,0.000015000000000000,1.598090000000000011
3840,0.001189658555730012,0.000015000000000000,1.603701000000000043
3850,0.001696081696081716,0.000017000000000000,1.617092999999999892
3860,0.001593853962469815,0.000017000000000000,1.606767000000000056
3870,0.001151770586986556,0.000016000000000000,1.618821999999999983
3880,0.001271801345439072,0.000015000000000000,1.633096000000000103
3890,0.002031175663199191,0.000015000000000000,1.624279000000000028
3900,0.001763474620617509,0.000016000000000000,1.628311000000000064
3910,0.002056742429413261,0.000028000000000000,1.640846000000000027
3920,0.001340609503874831,0.000016000000000000,1.646749000000000018
3930,0.001335245391952065,0.000016000000000000,1.645531999999999995
3940,0.001959357216790161,0.000015000000000000,1.674040999999999890
3950,0.001596972446882042,0.000017000000000000,1.655068999999999901
3960,0.001578976578976606,0.000015000000000000,1.654336999999999946
3970,0.001959884903389784,0.000016000000000000,1.668663000000000007
3980,0.002122771541292740,0.000016000000000000,1.656849999999999934
3990,0.002163834494661598,0.000015000000000000,1.661891999999999925
4000,0.001533185068899380,0.000015000000000000,1.667967999999999895
4010,0.000960184572582178,0.000016000000000000,1.682107000000000019
4020,0.001566864786481011,0.000015000000000000,1.678544999999999954
4030,0.001835440545117983,0.000016000000000000,1.687076999999999938
4040,0.001053782772311798,0.000016000000000000,1.684698999999999947
4050,0.001666634365047076,0.000015000000000000,1.694600000000000106
4060,0.001440240110190867,0.000015000000000000,1.713505000000000056
4070,0.001255158398015555,0.000015000000000000,1.697904000000000080
4080,0.001616800566380423,0.000025000000000000,1.709127999999999981
4090,0.001990620083529646,0.000016000000000000,1.716647999999999952
4100,0.001441334507536617,0.000015000000000000,1.712329999999999908
4110,0.001054720971300764,0.000016000000000000,1.718898000000000037
4120,0.001247927600216109,0.000015000000000000,1.722664999999999891
4130,0.001024103687541963,0.000016000000000000,1.727549000000000001
4140,0.001076402318638367,0.000017000000000000,1.726134999999999975
4150,0.000634920634920655,0.000016000000000000,1.734660000000000091
4160,0.000991518402232705,0.000015000000000000,1.732366999999999990
4170,0.001290647231037799,0.000015000000000000,1.741073000000000093
4180,0.001071651823531554,0.000016000000000000,1.743856000000000073
4190,0.002130445226251582,0.000017000000000000,1.744208999999999898
4200,0.001638758067329510,0.000016000000000000,1.755228999999999928
4210,0.001060825085256724,0.000016000000000000,1.764081000000000010
4220,0.001986007673211488,0.000016000000000000,1.770617000000000107
4230,0.001022573059047251,0.000016000000000000,1.775044000000000066
4240,0.001345693090976132,0.000015000000000000,1.773438000000000070
4250,0.001076984640009873,0.000015000000000000,1.776710999999999929
4260,0.002139577391086472,0.000026000000000000,1.783260999999999985
4270,0.002698212534278139,0.000016000000000000,1.794526999999999983
4280,0.002194623356172102,0.000015000000000000,1.780143000000000031
4290,0.001945673374244823,0.000015000000000000,1.797333000000000069
4300,0.001140196090362228,0.000016000000000000,1.801368000000000080
4310,0.001409149536428311,0.000016000000000000,1.793169000000000013
4320,0.001610801015562926,0.000015000000000000,1.805824000000000096
4330,0.001020388021377818,0.000016000000000000,1.811903999999999959
4340,0.001402182047343362,0.000016000000000000,1.813706000000000040
4350,0.002276114689907803,0.000016000000000000,1.820260999999999907
4360,0.000994883956876113,0.000016000000000000,1.817145000000000010
4370,0.001561835788707337,0.000016000000000000,1.828740000000000032
4380,0.001141194096184325,0.000016000000000000,1.826694999999999958
4390,0.001512523705820171,0.000016000000000000,1.848810999999999982
4400,0.001216045858903018,0.000016000000000000,1.846988999999999992
4410,0.001505070892826014,0.000016000000000000,1.843094999999999928
4420,0.001045546423697707,0.000016000000000000,1.848403999999999936
4430,0.001718772824867656,0.000015000000000000,1.856905000000000028
4440,0.000754168611311485,0.000015000000000000,1.858241000000000032
4450,0.001410991362837290,0.000016000000000000,1.862708000000000030
4460,0.000869601606308866,0.000025000000000000,1.862225000000000019
4470,0.000769827807219973,0.000016000000000000,1.871158000000000099
4480,0.000647839263910723,0.000015000000000000,1.871803000000000106
4490,0.001335992109138802,0.000016000000000000,1.877469999999999972
4500,0.001616489330775056,0.000016000000000000,1.890935999999999950
4510,0.001226106452587310,0.000016000000000000,1.886045999999999889
4520,0.000988956962408315,0.000016000000000000,1.892493999999999899
4530,0.001484954654301875,0.000015000000000000,1.900411999999999990
4540,0.001582921658440864,0.000015000000000000,1.897607000000000044
4550,0.001360544217687098,0.000015000000000000,1.909161000000000108
4560,0.001430315716030016,0.000016000000000000,1.931635999999999909
4570,0.001900662638393202,0.000016000000000000,1.903024999999999967
4580,0.000940239492953189,0.000025000000000000,1.906835999999999975
4590,0.001384827435247618,0.000016000000000000,2.028243999999999936
4600,0.000898080525409725,0.000015000000000000,2.058873000000000175
4610,0.001327512483384824,0.000015000000000000,1.940212000000000048
4620,0.001142508285365449,0.000015000000000000,1.960199000000000025
4630,0.000503168537725793,0.000025000000000000,1.999962000000000018
4640,0.001178521806600648,0.000015000000000000,1.960646000000000111
4650,0.001460700078211620,0.000015000000000000,1.947886999999999924
4660,0.000899243817698773,0.000017000000000000,1.946499999999999897
4670,0.001499489599826118,0.000016000000000000,1.955184999999999951
4680,0.000986975986975997,0.000015000000000000,1.964371000000000089
4690,0.002915303128522775,0.000017000000000000,1.957257999999999942
4700,0.001375574779830121,0.000016000000000000,1.972733999999999988
4710,0.001059349103025195,0.000015000000000000,1.978296000000000054
4720,0.001459732089272074,0.000015000000000000,1.977308999999999983
4730,0.002218859029490291,0.000015000000000000,1.975057000000000063
4740,0.001309650767155301,0.000015000000000000,1.973025999999999947
4750,0.001359919946386129,0.000016000000000000,1.997400999999999982
4760,0.002220631842480606,0.000016000000000000,1.988382000000000094
4770,0.001937256115153710,0.000016000000000000,1.997481000000000062
4780,0.001565589222493011,0.000015000000000000,1.985743000000000036
4790,0.001881244976980157,0.000016000000000000,2.004509999999999792
4800,0.001633089133089154,0.000017000000000000,1.997560000000000002
4810,0.001437858580715733,0.000016000000000000,2.000147999999999815
4820,0.001143159679022170,0.000026000000000000,2.018438999999999872
4830,0.001421973471662921,0.000015000000000000,2.021949999999999914
4840,0.001704752678778682,0.000015000000000000,2.018533000000000133
4850,0.001800032727867807,0.000016000000000000,2.028417000000000137
4860,0.000617068606486625,0.000015000000000000,2.035009000000000068
4870,0.001738664190996273,0.000015000000000000,2.029110000000000191
4880,0.000515637108142987,0.000017000000000000,2.034259000000000039
4890,0.001138602365596259,0.000015000000000000,2.075521999999999867
4900,0.001343350527024004,0.000017000000000000,2.064265999999999934
4910,0.001630926536367352,0.000017000000000000,2.237918000000000074
4920,0.001090498738582380,0.000014000000000000,2.066596000000000100
4930,0.000828518852280097,0.000017000000000000,2.078650999999999804
4940,0.001581793311116646,0.000016000000000000,2.071895000000000042
4950,0.001852961852961864,0.000015000000000000,2.080578000000000038
4960,0.001264713908723145,0.000017000000000000,2.083253000000000021
4970,0.001735688858425300,0.000016000000000000,2.092640999999999973
4980,0.001854829049321332,0.000016000000000000,2.091575000000000184
4990,0.001650151864867043,0.000015000000000000,2.080233999999999916
5000,0.001552939124367725,0.000016000000000000,2.098107999999999862
5010,0.001805598640500281,0.000015000000000000,2.112794000000000061
5020,0.001693696172922131,0.000016000000000000,2.092826000000000075
5030,0.000715608667894980,0.000016000000000000,2.102362999999999982
5040,0.001521890807605117,0.000017000000000000,2.105011999999999883
5050,0.000973761426378142,0.000017000000000000,2.109766000000000030
5060,0.001148196179252101,0.000016000000000000,2.111423999999999968
5070,0.001368594775188210,0.000015000000000000,2.120756999999999781
5080,0.001301932038714965,0.000016000000000000,2.113439000000000068
5090,0.001042357399359940,0.000015000000000000,2.132268999999999970
5100,0.001456890448487109,0.000015000000000000,2.129891000000000201
5110,0.001466874069613830,0.000016000000000000,2.131838000000000122
5120,0.000974041459532549,0.000016000000000000,2.140527000000000069
5130,0.001384107399145019,0.000015000000000000,2.137131999999999810
5140,0.001191477289309425,0.000016000000000000,2.152890000000000192
5150,0.001418732292518726,0.000024000000000000,2.157010000000000094
5160,0.001048600716374820,0.000015000000000000,2.151149999999999896
5170,0.001981065202949743,0.000017000000000000,2.157751000000000197
5180,0.000977979549408140,0.000016000000000000,2.167072000000000109
5190,0.000823646488386395,0.000016000000000000,2.168236999999999970
5200,0.001679748822605984,0.000016000000000000,2.182938000000000045
5210,0.001343603537187340,0.000017000000000000,2.181608999999999909
5220,0.000989031038292131,0.000017000000000000,2.175625000000000142
5230,0.001576328918585148,0.000016000000000000,2.224358000000000057
5240,0.000934658459195017,0.000015000000000000,2.184487999999999985
5250,0.001512646084074675,0.000015000000000000,2.195295999999999914
5260,0.001417946529299088,0.000016000000000000,2.206582000000000043
5270,0.001032505640800590,0.000016000000000000,2.205172000000000132
5280,0.000728240013954306,0.000016000000000000,2.220673999999999815
5290,0.001480929728296756,0.000015000000000000,2.216489999999999849
5300,0.000909234521094390,0.000015000000000000,2.220696999999999921
5310,0.001275793527609529,0.000015000000000000,2.216291000000000011
5320,0.001197132024199716,0.000016000000000000,2.228813999999999851
5330,0.001330338264136178,0.000015000000000000,2.225084999999999980
5340,0.001366717819366319,0.000015000000000000,2.242741000000000096
5350,0.001473939204246293,0.000014000000000000,2.243555000000000188
5360,0.001354816706629093,0.000017000000000000,2.249188999999999883
5370,0.001485665172816032,0.000015000000000000,2.260374999999999801
5380,0.000521470622373453,0.000016000000000000,2.242426000000000030
5390,0.001615391411309806,0.000016000000000000,2.257696999999999843
5400,0.000954222144698361,0.000017000000000000,2.258718000000000004
5410,0.001123888580978655,0.000016000000000000,2.259987999999999886
5420,0.001273458574460192,0.000017000000000000,2.261124999999999829
5430,0.001586819739937374,0.000015000000000000,2.276743000000000183
5440,0.001153698658950777,0.000017000000000000,2.304539999999999811
5450,0.001129466136019238,0.000021000000000000,2.303103000000000122
5460,0.001037851037851060,0.000016000000000000,2.312517000000000156
5470,0.000925205782870995,0.000016000000000000,2.293997000000000064
5480,0.001985336526525292,0.000016000000000000,2.293486999999999831
5490,0.001186496736848039,0.000016000000000000,2.303561000000000192
5500,0.001347636490493649,0.000017000000000000,2.310831999999999997
5510,0.001122453728105809,0.000016000000000000,2.300066000000000166
5520,0.000899540418173990,0.000015000000000000,2.312501999999999835
5530,0.000676076987107736,0.000016000000000000,2.306382000000000154
5540,0.000983696264769004,0.000017000000000000,2.317774000000000001
5550,0.001737027451313186,0.000016000000000000,2.326054000000000066
5560,0.001720099587519955,0.000015000000000000,2.326805999999999930
5570,0.001408018899683444,0.000015000000000000,2.333514999999999784
5580,0.000799840200761876,0.000015000000000000,2.341603999999999797
5590,0.001795399137591847,0.000017000000000000,2.343024000000000218
5600,0.001263518227803954,0.000015000000000000,2.333067999999999920
5610,0.001642148700972245,0.000015000000000000,2.346515999999999824
5620,0.001033878283497016,0.000016000000000000,2.358741000000000199
5630,0.000953471519317769,0.000023000000000000,2.368117999999999945
5640,0.001657536991883514,0.000015000000000000,2.354381000000000057
5650,0.001511540854145161,0.000016000000000000,2.370846999999999927
5660,0.001071658164035760,0.000016000000000000,2.358553000000000122
5670,0.000815292878784971,0.000015000000000000,2.383367999999999931
5680,0.001405164810597429,0.000016000000000000,2.365312999999999999
5690,0.001010337892085341,0.000015000000000000,2.374420000000000197
5700,0.001769992747436392,0.000018000000000000,2.408176000000000094
5710,0.001393291610954889,0.000017000000000000,2.388402999999999832
5720,0.001649540935255251,0.000015000000000000,2.401351000000000013
5730,0.001048946897862408,0.000015000000000000,2.408053000000000221
5740,0.000806201154633225,0.000018000000000000,2.405762999999999874
5750,0.000860676935211118,0.000017000000000000,2.402931000000000150
5760,0.000954452293738043,0.000016000000000000,2.410766999999999882
5770,0.002137795081593079,0.000015000000000000,2.418287999999999993
5780,0.001966487952647151,0.000018000000000000,2.406451999999999813
5790,0.001050458711450589,0.000016000000000000,2.422858000000000178
5800,0.001371280607733833,0.000016000000000000,2.436157999999999824
5810,0.001108568234213700,0.000016000000000000,2.435420000000000140
5820,0.001285827574487392,0.000016000000000000,2.440386999999999862
5830,0.001654230764742930,0.000016000000000000,2.431861000000000050
5840,0.000821159162646461,0.000016000000000000,2.437946000000000168
5850,0.001417524274667148,0.000015000000000000,2.447372000000000103
5860,0.001383910525792560,0.000016000000000000,2.451486000000000054
5870,0.001157499648616732,0.000016000000000000,2.456913000000000125
5880,0.000783060476938039,0.000016000000000000,2.470699999999999896
5890,0.000918519861037462,0.000015000000000000,2.480605000000000171
5900,0.001212102398543093,0.000016000000000000,2.470369999999999955
5910,0.001772001264387064,0.000015000000000000,2.479238000000000053
5920,0.001136644886644910,0.000016000000000000,2.482158999999999782
5930,0.001687281908915275,0.000016000000000000,2.501291999999999849
5940,0.001286544143687025,0.000016000000000000,2.495681999999999956
5950,0.001247268138024461,0.000016000000000000,2.495277999999999885
5960,0.001513110837176055,0.000016000000000000,2.485437999999999814
5970,0.000969525808003936,0.000015000000000000,2.501161000000000190
5980,0.001317695417074316,0.000016000000000000,2.508611999999999842
5990,0.002001096658859625,0.000016000000000000,2.521217000000000041
6000,0.001036978894121784,0.000015000000000000,2.510787000000000102
6010,0.000565137527343394,0.000016000000000000,2.513001000000000040
6020,0.001323224579038558,0.000016000000000000,2.523178000000000143
6030,0.000574486715211681,0.000016000000000000,2.544760000000000133
6040,0.000703433011853088,0.000016000000000000,2.529736000000000207
6050,0.001420974407987426,0.000016000000000000,2.533643999999999785
6060,0.002380434275766688,0.000015000000000000,2.523330000000000073
6070,0.001309422514411928,0.000015000000000000,2.540061999999999820
6080,0.000808884619974875,0.000016000000000000,2.557439000000000018
6090,0.001024919251520261,0.000015000000000000,2.556149000000000004
6100,0.001818433973000727,0.000016000000000000,2.554917000000000105
6110,0.000869916979339494,0.000016000000000000,2.561647999999999925
6120,0.001067093504068307,0.000015000000000000,2.567816000000000098
6130,0.000894310122928161,0.000016000000000000,2.546952000000000105
6140,0.001652612936931243,0.000016000000000000,2.569452000000000069
6150,0.001694256189029726,0.000016000000000000,2.567686999999999831
6160,0.000730618587761469,0.000015000000000000,2.572646999999999906
6170,0.001239490102652886,0.000020000000000000,2.569844999999999935
6180,0.001348012443712876,0.000015000000000000,2.582552000000000181
6190,0.000811417728103646,0.000015000000000000,2.601860999999999979
6200,0.001311563500503626,0.000016000000000000,2.582168999999999937
6210,0.000805490039444505,0.000016000000000000,2.613088999999999995
6220,0.001310907741775926,0.000016000000000000,2.595496999999999943
6230,0.001375439256659174,0.000016000000000000,2.615642999999999940
6240,0.001546964939822102,0.000016000000000000,2.604508000000000045
6250,0.001078862724577021,0.000016000000000000,2.620948999999999973
6260,0.001596719625017226,0.000017000000000000,2.621189000000000213
6270,0.001258891484455422,0.000015000000000000,2.626669999999999838
6280,0.001003715221185663,0.000017000000000000,2.631845999999999908
6290,0.001289524818936611,0.000015000000000000,2.622555999999999887
6300,0.001688470259898847,0.000014000000000000,2.622606999999999911
6310,0.001737763657618775,0.000015000000000000,2.634225999999999956
6320,0.001721683480273015,0.000015000000000000,2.637382000000000115
6330,0.001093279698560689,0.000015000000000000,2.642919000000000018
6340,0.000974324858957615,0.000016000000000000,2.648039999999999949
6350,0.001064921829826243,0.000015000000000000,2.657721000000000000
6360,0.001285836056725572,0.000026000000000000,2.659727999999999870
6370,0.001258378809399232,0.000015000000000000,2.667729000000000017
6380,0.001229804678080559,0.000016000000000000,2.669818999999999942
6390,0.001019712086110499,0.000015000000000000,2.672512999999999916
6400,0.001920242455956782,0.000015000000000000,2.676041000000000114
6410,0.001196156689805038,0.000017000000000000,2.689217000000000191
6420,0.001342775308062378,0.000015000000000000,2.686990999999999907
6430,0.001365834047460367,0.000016000000000000,2.697131000000000167
6440,0.001392206826989448,0.000015000000000000,2.686090999999999784
6450,0.000983291348739865,0.000016000000000000,2.693785000000000096
6460,0.002049510762469655,0.000016000000000000,2.698640000000000150
6470,0.001451047664339798,0.000015000000000000,2.693296000000000134
6480,0.001064580628072706,0.000016000000000000,2.720968000000000053
6490,0.001504091818861820,0.000016000000000000,2.712740000000000151
6500,0.001037153322867619,0.000014000000000000,2.725656999999999996
6510,0.001585050893806675,0.000015000000000000,2.724355000000000082
6520,0.001081752505941835,0.000016000000000000,2.724934999999999885
6530,0.001193220838812642,0.000016000000000000,2.751103000000000076
6540,0.000769086745495678,0.000015000000000000,2.732076999999999867
6550,0.000836831894629065,0.000016000000000000,2.733477000000000157
6560,0.001312071107367298,0.000016000000000000,2.749786999999999981
6570,0.000828974605882650,0.000015000000000000,2.841488000000000014
6580,0.000728889482688901,0.000016000000000000,2.751530999999999949
6590,0.001145750701354458,0.000017000000000000,2.776943999999999857
6600,0.001315509886938486,0.000015000000000000,2.768254000000000214
6610,0.000891776858926232,0.000015000000000000,2.755084000000000088
6620,0.001611147208902936,0.000025000000000000,2.760488000000000053
6630,0.001227157529678549,0.000015000000000000,2.768130999999999897
6640,0.001245536830734789,0.000015000000000000,2.800844000000000111
6650,0.001247624555895258,0.000016000000000000,2.789121999999999879
6660,0.001648744505887391,0.000018000000000000,2.779494999999999827
6670,0.000892280181207171,0.000015000000000000,2.795249999999999790
6680,0.001044091826812129,0.000016000000000000,2.797931999999999864
6690,0.000697558545092201,0.000016000000000000,2.800507000000000080
6700,0.001466737479530680,0.000017000000000000,2.812746000000000191
6710,0.002025557060685893,0.000015000000000000,2.813574000000000019
6720,0.001422139368567964,0.000015000000000000,2.814331000000000138
6730,0.000901197908202823,0.000016000000000000,2.817965000000000053
6740,0.001636214099122130,0.000016000000000000,2.829067999999999916
6750,0.000871368490416145,0.000016000000000000,2.837324999999999875
6760,0.001009338646701311,0.000016000000000000,2.827433000000000085
6770,0.000887267757915604,0.000016000000000000,2.823625999999999969
6780,0.000508776235704201,0.000015000000000000,2.846648000000000067
6790,0.001360364394237754,0.000016000000000000,2.841877999999999904
6800,0.001126553185376736,0.000017000000000000,2.857587999999999795
6810,0.000869146935855577,0.000015000000000000,2.848057999999999979
6820,0.001647763398915498,0.000016000000000000,2.859062000000000214
6830,0.001329565876731758,0.000016000000000000,2.857553999999999927
6840,0.001696472561134248,0.000015000000000000,2.879357000000000166
6850,0.001384760529703210,0.000015000000000000,2.872050999999999910
6860,0.001194124955057929,0.000015000000000000,2.889149000000000189
6870,0.001699194961827554,0.000016000000000000,2.882372999999999852
6880,0.001141012457457654,0.000016000000000000,2.861509999999999998
6890,0.001040319369160364,0.000017000000000000,2.874718000000000107
6900,0.001092909850673857,0.000015000000000000,2.875987999999999989
6910,0.001665302285521442,0.000017000000000000,2.888478999999999797
6920,0.001479770802644488,0.000015000000000000,2.897155999999999842
6930,0.000806072234643680,0.000016000000000000,2.903681999999999874
6940,0.001410233789813885,0.000015000000000000,2.897126000000000090
6950,0.001260002986621709,0.000016000000000000,2.912249999999999783
6960,0.001224835646017920,0.000016000000000000,2.909206999999999876
6970,0.001322079801276371,0.000016000000000000,2.915471000000000146
6980,0.000679072598843404,0.000016000000000000,2.911464000000000052
6990,0.001050914478259682,0.000016000000000000,2.941335000000000033
7000,0.000863945578231311,0.000017000000000000,2.930677999999999894
7010,0.001310231104402723,0.000017000000000000,2.935667000000000026
7020,0.001304339399577522,0.000015000000000000,2.938257999999999814
7030,0.001597052724872306,0.000017000000000000,2.946809000000000012
7040,0.001475136966208408,0.000015000000000000,2.961850000000000094
7050,0.001333080968339356,0.000016000000000000,2.951845000000000052
7060,0.001244176031711464,0.000015000000000000,2.954715999999999898
7070,0.000838294190486568,0.000014000000000000,2.956214000000000119
7080,0.001401268895215664,0.000016000000000000,2.952366000000000046
7090,0.001289468809114202,0.000016000000000000,2.953381999999999952
7100,0.001230214006873986,0.000017000000000000,2.959229000000000109
7110,0.000943019207033680,0.000015000000000000,2.986437000000000008
7120,0.000864230739832689,0.000016000000000000,2.970361000000000029
7130,0.001403307394090829,0.000024000000000000,2.980894999999999850
7140,0.000958332050769047,0.000015000000000000,2.976866999999999930
7150,0.001242884100026983,0.000015000000000000,2.992264000000000035
7160,0.001141095315077779,0.000015000000000000,2.993282000000000220
7170,0.000858495957121195,0.000016000000000000,2.989619999999999944
7180,0.001050289410814712,0.000016000000000000,2.999638000000000027
7190,0.001483444916784887,0.000015000000000000,3.010384000000000171
7200,0.001147886505029393,0.000016000000000000,3.021627000000000063
7210,0.000474175231456817,0.000017000000000000,3.026244000000000156
7220,0.001461239371805279,0.000026000000000000,3.019604999999999873
7230,0.001295911491525028,0.000016000000000000,3.025831000000000159
7240,0.000939168697653326,0.000016000000000000,3.028033000000000197
7250,0.000877123970720053,0.000016000000000000,3.047511000000000081
7260,0.000848790459180086,0.000015000000000000,3.043476000000000070
7270,0.000988605508157510,0.000016000000000000,3.050953999999999944
7280,0.001471742543171151,0.000016000000000000,3.054129000000000094
7290,0.001515233084898019,0.000017000000000000,3.048381000000000007
7300,0.001725410923062599,0.000016000000000000,3.050046000000000035
7310,0.001722740378202576,0.000016000000000000,3.049138999999999822
7320,0.000836042697869422,0.000015000000000000,3.056773000000000184
7330,0.001317686622695411,0.000016000000000000,3.070692000000000199
7340,0.001419764440395061,0.000015000000000000,3.066532000000000036
7350,0.001378485460118132,0.000015000000000000,3.065444999999999975
7360,0.000896767569904240,0.000015000000000000,3.080414999999999903
7370,0.001161951055341273,0.000015000000000000,3.084373999999999949
7380,0.001714081505022294,0.000015000000000000,3.086494000000000071
7390,0.001776128375780450,0.000015000000000000,3.100309999999999899
7400,0.001176875462589776,0.000016000000000000,3.091365999999999836
7410,0.000858373038824191,0.000015000000000000,3.091905000000000125
7420,0.001164723267149171,0.000015000000000000,3.095539000000000041
7430,0.001327231379144491,0.000016000000000000,3.118834000000000106
7440,0.001212701788738684,0.000015000000000000,3.125166999999999806
7450,0.000784742050322118,0.000014000000000000,3.128585000000000171
7460,0.001001188266603830,0.000015000000000000,3.135426999999999964
7470,0.001292173753447453,0.000015000000000000,3.120800000000000018
7480,0.001468769325912201,0.000016000000000000,3.120191999999999855
7490,0.000788026689228314,0.000015000000000000,3.141448000000000018
7500,0.001114041514041524,0.000016000000000000,3.134669999999999845
7510,0.001410898614627004,0.000016000000000000,3.137580999999999953
7520,0.000763311325621380,0.000016000000000000,3.148285000000000000
7530,0.001459641983261803,0.000014000000000000,3.147476000000000163
7540,0.001350619823526256,0.000015000000000000,3.156486000000000125
7550,0.001121519077999703,0.000016000000000000,3.153919999999999835
7560,0.000954997383568845,0.000015000000000000,3.159562999999999899
7570,0.001112634194347750,0.000016000000000000,3.168311999999999795
7580,0.001105735576146463,0.000016000000000000,3.171270999999999951
7590,0.001127857649596786,0.000015000000000000,3.168245000000000200
7600,0.000756745343211523,0.000016000000000000,3.178409999999999958
7610,0.000710344449785055,0.000016000000000000,3.175829999999999931
7620,0.000912866660898168,0.000014000000000000,3.187634000000000079
7630,0.000910710085022035,0.000016000000000000,3.197287000000000212
7640,0.000696756081946841,0.000016000000000000,3.216145000000000032
7650,0.001225105426786119,0.000015000000000000,3.211011000000000060
7660,0.001586800617013241,0.000015000000000000,3.213595000000000201
7670,0.000901707923499720,0.000016000000000000,3.202526999999999902
7680,0.001364087301587326,0.000016000000000000,3.214709000000000039
7690,0.001295626783273097,0.000015000000000000,3.238046000000000202
7700,0.001919350490779090,0.000016000000000000,3.220302999999999916
7710,0.000818118327845984,0.000016000000000000,3.237134000000000178
7720,0.000928155239776283,0.000016000000000000,3.228918999999999873
7730,0.001597162565560297,0.000016000000000000,3.229980999999999991
7740,0.000796828371579203,0.000014000000000000,3.241156000000000148
7750,0.001090933643929045,0.000017000000000000,3.250458000000000069
7760,0.001318128361574629,0.000017000000000000,3.236444000000000099
7770,0.001348287062572798,0.000015000000000000,3.239939999999999820
7780,0.001165780398244617,0.000015000000000000,3.253093999999999930
7790,0.001342362428003379,0.000016000000000000,3.258084000000000202
7800,0.000745682888540048,0.000016000000000000,3.278379000000000154
7810,0.001141804763535157,0.000015000000000000,3.264463999999999810
7820,0.001066357423682987,0.000016000000000000,3.271806000000000214
7830,0.001179766532804306,0.000017000000000000,3.291427000000000103
7840,0.001391536468067106,0.000016000000000000,3.278738999999999848
7850,0.001304282614564703,0.000016000000000000,3.284426999999999985
7860,0.001429583381600850,0.000014000000000000,3.303900000000000059
7870,0.000903904389110433,0.000015000000000000,3.296702999999999939
7880,0.001499268196150029,0.000015000000000000,3.298452000000000162
7890,0.001231148596710811,0.000016000000000000,3.302385000000000126
7900,0.001009302130459493,0.000015000000000000,3.303449000000000080
7910,0.001530187750162494,0.000016000000000000,3.305807000000000162
7920,0.001318192389620968,0.000024000000000000,3.312399000000000093
7930,0.001101760586538118,0.000016000000000000,3.324355999999999867
7940,0.001457380730500598,0.000017000000000000,3.316511000000000209
7950,0.001267998249130350,0.000015000000000000,3.329086999999999907
7960,0.001171762352666911,0.000016000000000000,3.326070000000000082
7970,0.000979449142202339,0.000015000000000000,3.341146000000000171
7980,0.001029129600558191,0.000015000000000000,3.345902000000000154
7990,0.000488749782509859,0.000017000000000000,3.368685000000000151
8000,0.000976255886970179,0.000015000000000000,3.376387999999999945
8010,0.001087795148790348,0.000015000000000000,3.355929999999999858
8020,0.001367873704888337,0.000016000000000000,3.357993000000000006
8030,0.001350008982102934,0.000016000000000000,3.364371999999999918
8040,0.001272093223052736,0.000015000000000000,3.371192999999999884
8050,0.001013355174845870,0.000016000000000000,3.370452999999999921
8060,0.000565768077288846,0.000016000000000000,3.372595000000000010
8070,0.001343295873301204,0.000016000000000000,3.379742999999999942
8080,0.001578580150008757,0.000015000000000000,3.368999000000000077
8090,0.001429410152701733,0.000015000000000000,3.380841000000000207
8100,0.001633557506573399,0.000015000000000000,3.396570000000000089
8110,0.001071521592923763,0.000016000000000000,3.389609000000000094
8120,0.001048677649662889,0.000016000000000000,3.397747999999999990
8130,0.001716803667251754,0.000016000000000000,3.392075999999999869
8140,0.001214936929222670,0.000016000000000000,3.416377000000000219
8150,0.000734548341910319,0.000015000000000000,3.407534000000000063
8160,0.000968207795938919,0.000016000000000000,3.409590999999999816
8170,0.000678756265397312,0.000016000000000000,3.405003999999999920
8180,0.001208910622113567,0.000016000000000000,3.433208000000000037
8190,0.001011686725972444,0.000015000000000000,3.432208000000000148
8200,0.000977056238380298,0.000016000000000000,3.440869999999999873
8210,0.001317053883610367,0.000016000000000000,3.442886999999999809
8220,0.001412236240182040,0.000015000000000000,3.449272000000000116
8230,0.001207585255493638,0.000016000000000000,3.433412999999999826
8240,0.000850128450683249,0.000015000000000000,3.443080000000000140
8250,0.000723847580990457,0.000015000000000000,3.455702000000000051
8260,0.000812276236005080,0.000016000000000000,3.449234000000000133
8270,0.001070975626166525,0.000015000000000000,3.451381000000000032
8280,0.001145605027592624,0.000016000000000000,3.460557999999999801
8290,0.001103761538019710,0.000016000000000000,3.473629999999999995
8300,0.001106908008801313,0.000016000000000000,3.463941999999999855
8310,0.001239010831584352,0.000015000000000000,3.473555000000000170
8320,0.001568768533054260,0.000016000000000000,3.488161999999999985
8330,0.001071784024965307,0.000015000000000000,3.476615999999999929
8340,0.001570611642554107,0.000023000000000000,3.491496000000000155
8350,0.000846386765976171,0.000016000000000000,3.507950999999999819
8360,0.001008139729944265,0.000016000000000000,3.497907000000000100
8370,0.001000433258497791,0.000016000000000000,3.500879999999999992
8380,0.001127396678027455,0.000016000000000000,3.495204999999999895
8390,0.001345034820260458,0.000015000000000000,3.519743000000000066
8400,0.000950200593057753,0.000015000000000000,3.509596000000000160
8410,0.001166080017787191,0.000015000000000000,3.522454000000000196
8420,0.001798045486542280,0.000017000000000000,3.526698000000000111
8430,0.000964013673723911,0.000016000000000000,3.524340000000000028
8440,0.001001477270942422,0.000016000000000000,3.524170999999999943
8450,0.000924204001127087,0.000017000000000000,3.532404000000000099
8460,0.001892799309212694,0.000015000000000000,3.524043999999999954
8470,0.000718185133769576,0.000017000000000000,3.551210000000000200
8480,0.001048629417901675,0.000017000000000000,3.545599999999999863
8490,0.000735251063368200,0.000015000000000000,3.555099999999999927
8500,0.001124059880362420,0.000015000000000000,3.553514999999999979
8510,0.000953065549338863,0.000017000000000000,3.567206999999999795
8520,0.000737084288392151,0.000014000000000000,3.576994000000000007
8530,0.000646960921621812,0.000016000000000000,3.593519999999999825
8540,0.000677412621206559,0.000016000000000000,3.585050999999999988
8550,0.001255948173241421,0.000016000000000000,3.586241999999999930
8560,0.000538874787873483,0.000016000000000000,3.594653000000000098
8570,0.001176691841802719,0.000016000000000000,3.588243999999999989
8580,0.001084629656058258,0.000015000000000000,3.596480000000000121
8590,0.000915151888043973,0.000015000000000000,3.602635999999999949
8600,0.001088029725903509,0.000016000000000000,3.587439999999999962
8610,0.001109536998038752,0.000016000000000000,3.610475000000000101
8620,0.001370742835774354,0.000015000000000000,3.594787999999999872
8630,0.001416895010670911,0.000016000000000000,3.610406999999999922
8640,0.001234265073550812,0.000016000000000000,3.626900000000000013
8650,0.001062079493128218,0.000016000000000000,3.629122000000000181
8660,0.000829886049285604,0.000016000000000000,3.634110000000000174
8670,0.001006978960513328,0.000015000000000000,3.650024000000000157
8680,0.001153902421183552,0.000016000000000000,3.636140999999999845
8690,0.000918651370730962,0.000015000000000000,3.643507000000000051
8700,0.000536759354493355,0.000015000000000000,3.640838000000000019
8710,0.000986693950446639,0.000015000000000000,3.646215999999999902
8720,0.000837377999894405,0.000016000000000000,3.655990000000000073
8730,0.000833361805379511,0.000015000000000000,3.653128999999999849
8740,0.000514684545413556,0.000016000000000000,3.653801000000000077
8750,0.000527472527472547,0.000016000000000000,3.651790000000000092
8760,0.001225899562494499,0.000015000000000000,3.658113999999999866
8770,0.000930856803148728,0.000023000000000000,3.669045000000000112
8780,0.000725985154882021,0.000017000000000000,3.672124000000000166
8790,0.000867381169672761,0.000015000000000000,3.693337000000000092
8800,0.001256382506382523,0.000017000000000000,3.686949999999999950
8810,0.001041147562957220,0.000015000000000000,3.690119000000000149
8820,0.001102638857740913,0.000015000000000000,3.687141000000000002
8830,0.000742102457035351,0.000016000000000000,3.686706000000000039
8840,0.001390812735350555,0.000016000000000000,3.688861000000000168
8850,0.000984605924073251,0.000015000000000000,3.725204000000000182
8860,0.000995976326514879,0.000016000000000000,3.720956000000000152
8870,0.001042324830374447,0.000016000000000000,3.729985999999999802
8880,0.000752636466922198,0.000015000000000000,3.730386999999999897
8890,0.001146010594829515,0.000016000000000000,3.715415999999999830
8900,0.001357330025066792,0.000017000000000000,3.733665999999999929
8910,0.000827391303581804,0.000016000000000000,3.720597000000000154
8920,0.001059322199616908,0.000016000000000000,3.720183000000000018
8930,0.001386855026272747,0.000015000000000000,3.744171000000000138
8940,0.000824439223288728,0.000026000000000000,3.746236999999999817
8950,0.001029207557539579,0.000016000000000000,3.746167999999999942
8960,0.000855245944531665,0.000016000000000000,3.746532999999999891
8970,0.000804647388498329,0.000017000000000000,3.770179000000000169
8980,0.000606635207335202,0.000017000000000000,3.769454999999999778
8990,0.001050705214061356,0.000016000000000000,3.777822000000000013
9000,0.000851735566021291,0.000016000000000000,3.768197999999999936
9010,0.000873518251035319,0.000016000000000000,3.788037000000000099
9020,0.000802778328910749,0.000015000000000000,3.752892000000000117
9030,0.000708667486076150,0.000014000000000000,3.789175999999999878
9040,0.001073990976013758,0.000015000000000000,3.767723999999999851
9050,0.001478963025924374,0.000018000000000000,3.780743000000000187
9060,0.000731734364657753,0.000015000000000000,3.785813000000000095
9070,0.001243713497611775,0.000016000000000000,3.798573999999999895
9080,0.000864997529566470,0.000015000000000000,3.805499000000000187
9090,0.001455299899430051,0.000015000000000000,3.799666999999999906
9100,0.001093668236525398,0.000016000000000000,3.809073000000000153
9110,0.001277810231863883,0.000016000000000000,3.803636000000000017
9120,0.001090064905854395,0.000016000000000000,3.822906000000000137
9130,0.001449115046361195,0.000015000000000000,3.821147999999999989
9140,0.001521232405883880,0.000015000000000000,3.822175999999999796
9150,0.001415560759823071,0.000014000000000000,3.820980000000000043
9160,0.001577532815836002,0.000016000000000000,3.836120000000000196
9170,0.000961488529645581,0.000016000000000000,3.849753999999999898
9180,0.001326228497096866,0.000016000000000000,3.834960999999999842
9190,0.000801138512937078,0.000016000000000000,3.848777999999999810
9200,0.000921325051759856,0.000016000000000000,3.852389000000000063
9210,0.001194865317713172,0.000016000000000000,3.861803999999999792
9220,0.000731408865899118,0.000016000000000000,3.842712999999999823
9230,0.000903590038398912,0.000016000000000000,3.874544999999999906
9240,0.000541521970093423,0.000016000000000000,3.863799000000000206
9250,0.000986983844126728,0.000016000000000000,3.868895000000000195
9260,0.000823638975443997,0.000016000000000000,3.866150000000000198
9270,0.001156197272702144,0.000015000000000000,3.873842999999999925
9280,0.001259326674967091,0.000015000000000000,3.881654999999999855
9290,0.000719457554764352,0.000015000000000000,3.885950999999999933
9300,0.001175706014415709,0.000015000000000000,3.889743999999999868
9310,0.001034769026176127,0.000016000000000000,3.892063999999999968
9320,0.000662567216828429,0.000016000000000000,3.906035999999999841
9330,0.000995477752482828,0.000015000000000000,3.903252999999999862
9340,0.000936947556708980,0.000015000000000000,3.921212000000000142
9350,0.000965962142432744,0.000016000000000000,3.906956000000000095
9360,0.000497121925693387,0.000015000000000000,3.912675000000000125
9370,0.000888190429279022,0.000017000000000000,3.901050000000000129
9380,0.000947252226569933,0.000016000000000000,3.915674000000000099
9390,0.000588710949276929,0.000016000000000000,3.916107999999999922
9400,0.001023302938196574,0.000016000000000000,3.929120999999999864
9410,0.001432113759425149,0.000016000000000000,3.951935000000000198
9420,0.001268108092493919,0.000015000000000000,3.947294999999999998
9430,0.000935959124112440,0.000016000000000000,3.948643000000000125
9440,0.000827594184131723,0.000015000000000000,3.945066999999999879
9450,0.000707017849875018,0.000016000000000000,3.965199999999999836
9460,0.000771930173923535,0.000016000000000000,3.955025000000000013
9470,0.000817733748794266,0.000016000000000000,3.961510999999999783
9480,0.001258978112504368,0.000015000000000000,3.955391999999999797
9490,0.001073095202253737,0.000015000000000000,3.963004000000000193
9500,0.000611896040467487,0.000015000000000000,3.961157000000000039
9510,0.000854150606291238,0.000015000000000000,3.964013000000000009
9520,0.001038235807143404,0.000016000000000000,3.991292000000000062
9530,0.000878330184281334,0.000016000000000000,4.008796000000000248
9540,0.001145525134743496,0.000015000000000000,3.993732000000000060
9550,0.000945531656077680,0.000015000000000000,3.989739999999999842
9560,0.000640697218700821,0.000016000000000000,3.997135999999999800
9570,0.000873292006296964,0.000015000000000000,3.998422999999999838
9580,0.000911180809779097,0.000016000000000000,4.006884000000000334
9590,0.001096863974861906,0.000015000000000000,4.046236000000000388
9600,0.001373789900575639,0.000017000000000000,4.020595000000000141
9610,0.001517312279910779,0.000015000000000000,4.012214000000000169
9620,0.000696536410822151,0.000017000000000000,4.027347999999999928
9630,0.000926156867411892,0.000018000000000000,4.061397000000000368
9640,0.001192683691201796,0.000015000000000000,4.040265999999999913
9650,0.000762696469580288,0.000016000000000000,4.051783000000000357
9660,0.000957082944660608,0.000015000000000000,4.042652999999999608
9670,0.001008457900170137,0.000016000000000000,4.041368000000000293
9680,0.000834825347812365,0.000016000000000000,4.049032999999999660
9690,0.000884294338518158,0.000016000000000000,4.052450999999999581
9700,0.000857308294716276,0.000016000000000000,4.053706000000000031
9710,0.001214911484147942,0.000015000000000000,4.061373999999999818
9720,0.000970986685272431,0.000015000000000000,4.060613000000000028
9730,0.001130775128719656,0.000016000000000000,4.054349000000000203
9740,0.000904164119183207,0.000016000000000000,4.070090999999999681
9750,0.000969126111983269,0.000016000000000000,4.089273999999999631
9760,0.001202646884731214,0.000015000000000000,4.089789999999999814
9770,0.000718085832868704,0.000016000000000000,4.093429000000000428
9780,0.000664113372264142,0.000014000000000000,4.099828999999999724
9790,0.001037753044173613,0.000015000000000000,4.108054000000000094
9800,0.001072487603099867,0.000015000000000000,4.099175999999999931
9810,0.000877264573201687,0.000016000000000000,4.110782000000000380
9820,0.001082914757631116,0.000015000000000000,4.103047000000000111
9830,0.001244086856643195,0.000016000000000000,4.111748000000000403
9840,0.001330550982118943,0.000016000000000000,4.118435999999999986
9850,0.000775171971691209,0.000016000000000000,4.115713999999999650
9860,0.001082254298713321,0.000016000000000000,4.123834999999999695
9870,0.001530890588641367,0.000016000000000000,4.122607000000000355
9880,0.000372497177008484,0.000016000000000000,4.117029999999999745
9890,0.001575749430725607,0.000027000000000000,4.135646000000000377
9900,0.001223485509199815,0.000015000000000000,4.138135000000000119
9910,0.000706480423937563,0.000017000000000000,4.142996000000000123
9920,0.001066195709052868,0.000015000000000000,4.135701000000000072
9930,0.001063014097109933,0.000016000000000000,4.151791000000000231
9940,0.001070402881268090,0.000017000000000000,4.162790000000000212
9950,0.000956465565223656,0.000016000000000000,4.152872999999999593
9960,0.000344286617952736,0.000015000000000000,4.177710000000000257
9970,0.000875975213272840,0.000016000000000000,4.160554999999999559
9980,0.001274186258440516,0.000016000000000000,4.165805999999999898
9990,0.000903886618172341,0.000016000000000000,4.168787000000000020
