3,0.100000000000000006,0.000506666666666772,0.000506666666666772,0.000001000000000000,0.000001000000000000,0.532760000000000011
3,0.010000000000000000,0.000506666666666772,0.000506666666666772,0.000001000000000000,0.000001000000000000,0.532760000000000011
3,0.001000000000000000,0.000506666666666772,0.000506666666666772,0.000001000000000000,0.000001000000000000,0.532760000000000011
3,0.000100000000000000,0.000506666666666772,0.000506666666666772,0.000001000000000000,0.000001000000000000,0.532760000000000011
3,0.000010000000000000,0.000506666666666772,0.000506666666666772,0.000001000000000000,0.000001000000000000,0.532760000000000011
3,0.000001000000000000,0.000506666666666772,0.000506666666666772,0.000001000000000000,0.000001000000000000,0.532760000000000011
3,0.000000100000000000,0.000506666666666772,0.000506666666666772,0.000001000000000000,0.000001000000000000,0.532760000000000011
3,0.000000010000000000,0.000506666666666772,0.000506666666666772,0.000001000000000000,0.000001000000000000,0.532760000000000011
3,0.000000001000000000,0.000506666666666772,0.000506666666666772,0.000001000000000000,0.000001000000000000,0.532760000000000011
3,0.000000000100000000,0.000506666666666772,0.000506666666666772,0.000001000000000000,0.000001000000000000,0.532760000000000011
3,0.000000000010000000,0.000506666666666772,0.000506666666666772,0.000001000000000000,0.000001000000000000,0.532760000000000011
3,0.000000000001000000,0.000506666666666772,0.000506666666666772,0.000001000000000000,0.000001000000000000,0.532760000000000011
3,0.000000000000100000,0.000506666666666772,0.000506666666666772,0.000001000000000000,0.000001000000000000,0.532760000000000011
3,0.000000000000010000,0.000506666666666772,0.000506666666666772,0.000001000000000000,0.000001000000000000,0.532760000000000011
3,0.000000000000001000,0.000506666666666772,0.000506666666666772,0.000001000000000000,0.000001000000000000,0.532760000000000011
3,0.000000000000000100,0.000506666666666772,0.000506666666666772,0.000001000000000000,0.000001000000000000,0.532760000000000011
4,0.100000000000000006,0.009920000000000064,0.009920000000000064,0.000003000000000000,0.000003000000000000,0.824578000000000033
4,0.010000000000000000,0.000814400000000070,0.000814400000000070,0.000003000000000000,0.000003000000000000,0.824578000000000033
4,0.001000000000000000,0.000733333333333369,0.000733333333333369,0.000004000000000000,0.000004000000000000,0.824578000000000033
4,0.000100000000000000,0.000733333333333374,0.000733333333333374,0.000004000000000000,0.000005000000000000,0.824578000000000033
4,0.000010000000000000,0.000733333333333364,0.000733333333333364,0.000005000000000000,0.000005000000000000,0.824578000000000033
4,0.000001000000000000,0.000733333333333375,0.000733333333333375,0.000006000000000000,0.000006000000000000,0.824578000000000033
4,0.000000100000000000,0.000733333333333371,0.000733333333333371,0.000007000000000000,0.000007000000000000,0.824578000000000033
4,0.000000010000000000,0.000733333333333376,0.000733333333333376,0.000007000000000000,0.000007000000000000,0.824578000000000033
4,0.000000001000000000,0.000733333333333368,0.000733333333333368,0.000008000000000000,0.000008000000000000,0.824578000000000033
4,0.000000000100000000,0.000733333333333375,0.000733333333333375,0.000009000000000000,0.000009000000000000,0.824578000000000033
4,0.000000000010000000,0.000733333333333377,0.000733333333333377,0.000010000000000000,0.000010000000000000,0.824578000000000033
4,0.000000000001000000,0.000733333333333376,0.000733333333333376,0.000010000000000000,0.000011000000000000,0.824578000000000033
4,0.000000000000100000,0.000733333333333375,0.000733333333333375,0.000011000000000000,0.000011000000000000,0.824578000000000033
4,0.000000000000010000,0.000733333333333373,0.000733333333333373,0.000028000000000000,0.000011000000000000,0.824578000000000033
4,0.000000000000001000,0.000733333333333371,0.000733333333333371,0.000011000000000000,0.000011000000000000,0.824578000000000033
4,0.000000000000000100,0.000733333333333366,0.000733333333333366,0.000012000000000000,0.000012000000000000,0.824578000000000033
5,0.100000000000000006,0.006718960849646037,0.006718960849646037,0.000006000000000000,0.000006000000000000,1.230677999999999939
5,0.010000000000000000,0.001189466230887292,0.001189466230887292,0.000008000000000000,0.000008000000000000,1.230677999999999939
5,0.001000000000000000,0.001144814422942564,0.001144814422942564,0.000010000000000000,0.000011000000000000,1.230677999999999939
5,0.000100000000000000,0.001148713422643949,0.001148713422643949,0.000011000000000000,0.000013000000000000,1.230677999999999939
5,0.000010000000000000,0.001149255935752008,0.001149255935752008,0.000013000000000000,0.000015000000000000,1.230677999999999939
5,0.000001000000000000,0.001149305931379638,0.001149305931379638,0.000015000000000000,0.000016000000000000,1.230677999999999939
5,0.000000100000000000,0.001149310538757304,0.001149310538757304,0.000033000000000000,0.000016000000000000,1.230677999999999939
5,0.000000010000000000,0.001149310963353019,0.001149310963353019,0.000017000000000000,0.000018000000000000,1.230677999999999939
5,0.000000001000000000,0.001149311002481900,0.001149311002481900,0.000018000000000000,0.000035000000000000,1.230677999999999939
5,0.000000000100000000,0.001149311005248104,0.001149311005248104,0.000019000000000000,0.000036000000000000,1.230677999999999939
5,0.000000000010000000,0.001149311006342760,0.001149311006342760,0.000020000000000000,0.000022000000000000,1.230677999999999939
5,0.000000000001000000,0.001149311006443638,0.001149311006443638,0.000022000000000000,0.000024000000000000,1.230677999999999939
5,0.000000000000100000,0.001149311006452937,0.001149311006452937,0.000024000000000000,0.000025000000000000,1.230677999999999939
5,0.000000000000010000,0.001149311006453792,0.001149311006453792,0.000025000000000000,0.000027000000000000,1.230677999999999939
5,0.000000000000001000,0.001149311006453872,0.001149311006453872,0.000027000000000000,0.000029000000000000,1.230677999999999939
5,0.000000000000000100,0.001149311006453877,0.001149311006453877,0.000028000000000000,0.000030000000000000,1.230677999999999939
6,0.100000000000000006,0.011113890361591086,0.011113890361591086,0.000008000000000000,0.000009000000000000,1.746053000000000077
6,0.010000000000000000,0.001841640733413716,0.001841640733413716,0.000024000000000000,0.000016000000000000,1.746053000000000077
6,0.001000000000000000,0.000816673920457692,0.000816673920457692,0.000019000000000000,0.000021000000000000,1.746053000000000077
6,0.000100000000000000,0.000788462669967756,0.000788462669967756,0.000023000000000000,0.000025000000000000,1.746053000000000077
6,0.000010000000000000,0.000786531245611399,0.000786531245611399,0.000027000000000000,0.000029000000000000,1.746053000000000077
6,0.000001000000000000,0.000786136636695208,0.000786136636695208,0.000032000000000000,0.000035000000000000,1.746053000000000077
6,0.000000100000000000,0.000786106185253269,0.000786106185253269,0.000037000000000000,0.000058000000000000,1.746053000000000077
6,0.000000010000000000,0.000786104100406229,0.000786104100406229,0.000064000000000000,0.000033000000000000,1.746053000000000077
6,0.000000001000000000,0.000786103674471892,0.000786103674471892,0.000035000000000000,0.000038000000000000,1.746053000000000077
6,0.000000000100000000,0.000786103641603109,0.000786103641603109,0.000039000000000000,0.000041000000000000,1.746053000000000077
6,0.000000000010000000,0.000786103639352756,0.000786103639352756,0.000059000000000000,0.000078000000000000,1.746053000000000077
6,0.000000000001000000,0.000786103638893016,0.000786103638893016,0.000043000000000000,0.000046000000000000,1.746053000000000077
6,0.000000000000100000,0.000786103638857538,0.000786103638857538,0.000046000000000000,0.000050000000000000,1.746053000000000077
6,0.000000000000010000,0.000786103638854791,0.000786103638854791,0.000049000000000000,0.000099000000000000,1.746053000000000077
6,0.000000000000001000,0.000786103638854607,0.000786103638854607,0.000072000000000000,0.000079000000000000,1.746053000000000077
6,0.000000000000000100,0.000786103638854574,0.000786103638854574,0.000076000000000000,0.000114000000000000,1.746053000000000077
7,0.100000000000000006,0.014111997229307274,0.014111997229307274,0.000019000000000000,0.000021000000000000,2.391513999999999918
7,0.010000000000000000,0.001415883335597372,0.001415883335597372,0.000029000000000000,0.000031000000000000,2.391513999999999918
7,0.001000000000000000,0.000786249717027702,0.000786249717027702,0.000039000000000000,0.000041000000000000,2.391513999999999918
7,0.000100000000000000,0.000823844811292090,0.000823844811292090,0.000051000000000000,0.000065000000000000,2.391513999999999918
7,0.000010000000000000,0.000827835801449504,0.000827835801449504,0.000080000000000000,0.000047000000000000,2.391513999999999918
7,0.000001000000000000,0.000828230027607769,0.000828230027607769,0.000053000000000000,0.000055000000000000,2.391513999999999918
7,0.000000100000000000,0.000828268393937747,0.000828268393937747,0.000061000000000000,0.000063000000000000,2.391513999999999918
7,0.000000010000000000,0.000828272183591230,0.000828272183591230,0.000069000000000000,0.000071000000000000,2.391513999999999918
7,0.000000001000000000,0.000828272536864747,0.000828272536864747,0.000094000000000000,0.000118000000000000,2.391513999999999918
7,0.000000000100000000,0.000828272587251096,0.000828272587251096,0.000109000000000000,0.000112000000000000,2.391513999999999918
7,0.000000000010000000,0.000828272592228035,0.000828272592228035,0.000121000000000000,0.000097000000000000,2.391513999999999918
7,0.000000000001000000,0.000828272592712409,0.000828272592712409,0.000105000000000000,0.000149000000000000,2.391513999999999918
7,0.000000000000100000,0.000828272592760244,0.000828272592760244,0.000127000000000000,0.000162000000000000,2.391513999999999918
7,0.000000000000010000,0.000828272592764900,0.000828272592764900,0.000165000000000000,0.000155000000000000,2.391513999999999918
7,0.000000000000001000,0.000828272592765366,0.000828272592765366,0.000128000000000000,0.000143000000000000,2.391513999999999918
7,0.000000000000000100,0.000828272592765403,0.000828272592765403,0.000131000000000000,0.000133000000000000,2.391513999999999918
8,0.100000000000000006,0.017422243537941515,0.017422243537941515,0.000030000000000000,0.000030000000000000,3.233600000000000030
8,0.010000000000000000,0.001711605123447406,0.001711605123447406,0.000079000000000000,0.000060000000000000,3.233600000000000030
8,0.001000000000000000,0.000871056154293118,0.000871056154293118,0.000057000000000000,0.000097000000000000,3.233600000000000030
8,0.000100000000000000,0.000866009504204674,0.000866009504204674,0.000092000000000000,0.000092000000000000,3.233600000000000030
8,0.000010000000000000,0.000866015177953100,0.000866015177953100,0.000128000000000000,0.000087000000000000,3.233600000000000030
8,0.000001000000000000,0.000865980143438824,0.000865980143438824,0.000103000000000000,0.000102000000000000,3.233600000000000030
8,0.000000100000000000,0.000865979943570834,0.000865979943570834,0.000116000000000000,0.000116000000000000,3.233600000000000030
8,0.000000010000000000,0.000865979920584973,0.000865979920584973,0.000176000000000000,0.000177000000000000,3.233600000000000030
8,0.000000001000000000,0.000865979921190504,0.000865979921190504,0.000185000000000000,0.000167000000000000,3.233600000000000030
8,0.000000000100000000,0.000865979917620777,0.000865979917620777,0.000167000000000000,0.000182000000000000,3.233600000000000030
8,0.000000000010000000,0.000865979917600415,0.000865979917600415,0.000285000000000000,0.000240000000000000,3.233600000000000030
8,0.000000000001000000,0.000865979917598065,0.000865979917598065,0.000190000000000000,0.000190000000000000,3.233600000000000030
8,0.000000000000100000,0.000865979917598132,0.000865979917598132,0.000273000000000000,0.000293000000000000,3.233600000000000030
8,0.000000000000010000,0.000865979917597770,0.000865979917597770,0.000245000000000000,0.000242000000000000,3.233600000000000030
8,0.000000000000001000,0.000865979917597767,0.000865979917597767,0.000338000000000000,0.000342000000000000,3.233600000000000030
8,0.000000000000000100,0.000865979917597754,0.000865979917597754,0.000332000000000000,0.000389000000000000,3.233600000000000030
9,0.100000000000000006,0.020143419690126483,0.020143419690126483,0.000043000000000000,0.000044000000000000,4.240241000000000149
9,0.010000000000000000,0.002141979340439017,0.002141979340439017,0.000066000000000000,0.000068000000000000,4.240241000000000149
9,0.001000000000000000,0.000998422943193563,0.000998422943193563,0.000172000000000000,0.000124000000000000,4.240241000000000149
9,0.000100000000000000,0.000964233615606986,0.000964233615606986,0.000162000000000000,0.000141000000000000,4.240241000000000149
9,0.000010000000000000,0.000962210778482466,0.000962210778482466,0.000146000000000000,0.000168000000000000,4.240241000000000149
9,0.000001000000000000,0.000962003921419069,0.000962003921419069,0.000218000000000000,0.000226000000000000,4.240241000000000149
9,0.000000100000000000,0.000961982768601662,0.000961982768601662,0.000215000000000000,0.000218000000000000,4.240241000000000149
9,0.000000010000000000,0.000961980605559778,0.000961980605559778,0.000278000000000000,0.000291000000000000,4.240241000000000149
9,0.000000001000000000,0.000961980384371783,0.000961980384371783,0.000312000000000000,0.000309000000000000,4.240241000000000149
9,0.000000000100000000,0.000961980361753586,0.000961980361753586,0.000387000000000000,0.000396000000000000,4.240241000000000149
9,0.000000000010000000,0.000961980359440700,0.000961980359440700,0.000370000000000000,0.000417000000000000,4.240241000000000149
9,0.000000000001000000,0.000961980359204204,0.000961980359204204,0.000420000000000000,0.000481000000000000,4.240241000000000149
9,0.000000000000100000,0.000961980359180018,0.000961980359180018,0.000399000000000000,0.000443000000000000,4.240241000000000149
9,0.000000000000010000,0.000961980359177535,0.000961980359177535,0.000411000000000000,0.000428000000000000,4.240241000000000149
9,0.000000000000001000,0.000961980359177286,0.000961980359177286,0.000461000000000000,0.000629000000000000,4.240241000000000149
9,0.000000000000000100,0.000961980359177254,0.000961980359177254,0.000692000000000000,0.000802000000000000,4.240241000000000149
10,0.100000000000000006,0.019163754551230226,0.019163754551230226,0.000120000000000000,0.000076000000000000,5.415346999999999689
10,0.010000000000000000,0.002672439050199907,0.002672439050199907,0.000110000000000000,0.000117000000000000,5.415346999999999689
10,0.001000000000000000,0.001421195771408682,0.001421195771408682,0.000148000000000000,0.000211000000000000,5.415346999999999689
10,0.000100000000000000,0.001330468412069755,0.001330468412069755,0.000242000000000000,0.000261000000000000,5.415346999999999689
10,0.000010000000000000,0.001323226947367821,0.001323226947367821,0.000256000000000000,0.000351000000000000,5.415346999999999689
10,0.000001000000000000,0.001322547436444399,0.001322547436444399,0.000336000000000000,0.000294000000000000,5.415346999999999689
10,0.000000100000000000,0.001322483677536888,0.001322483677536888,0.000396000000000000,0.000393000000000000,5.415346999999999689
10,0.000000010000000000,0.001322477977919813,0.001322477977919813,0.000356000000000000,0.000530000000000000,5.415346999999999689
10,0.000000001000000000,0.001322477161796707,0.001322477161796707,0.000383000000000000,0.000539000000000000,5.415346999999999689
10,0.000000000100000000,0.001322477083662218,0.001322477083662218,0.000429000000000000,0.000771000000000000,5.415346999999999689
10,0.000000000010000000,0.001322477076330846,0.001322477076330846,0.000588000000000000,0.000594000000000000,5.415346999999999689
10,0.000000000001000000,0.001322477075642956,0.001322477075642956,0.000642000000000000,0.000610000000000000,5.415346999999999689
10,0.000000000000100000,0.001322477075578397,0.001322477075578397,0.000718000000000000,0.000830000000000000,5.415346999999999689
10,0.000000000000010000,0.001322477075572627,0.001322477075572627,0.000894000000000000,0.000883000000000000,5.415346999999999689
10,0.000000000000001000,0.001322477075571794,0.001322477075571794,0.000801000000000000,0.000864000000000000,5.415346999999999689
10,0.000000000000000100,0.001322477075571736,0.001322477075571736,0.000836000000000000,0.000954000000000000,5.415346999999999689
11,0.100000000000000006,0.021043619572531713,0.021043619572531713,0.000108000000000000,0.000181000000000000,6.910593999999999681
11,0.010000000000000000,0.002584502476035561,0.002584502476035561,0.000221000000000000,0.000217000000000000,6.910593999999999681
11,0.001000000000000000,0.001294902942827838,0.001294902942827838,0.000307000000000000,0.000381000000000000,6.910593999999999681
11,0.000100000000000000,0.001252422143785802,0.001252422143785802,0.000540000000000000,0.000520000000000000,6.910593999999999681
11,0.000010000000000000,0.001248788436845046,0.001248788436845046,0.000436000000000000,0.000467000000000000,6.910593999999999681
11,0.000001000000000000,0.001248559173687402,0.001248559173687402,0.000576000000000000,0.000735000000000000,6.910593999999999681
11,0.000000100000000000,0.001248540830657505,0.001248540830657505,0.000844000000000000,0.000652000000000000,6.910593999999999681
11,0.000000010000000000,0.001248537350247548,0.001248537350247548,0.000783000000000000,0.000730000000000000,6.910593999999999681
11,0.000000001000000000,0.001248537130656015,0.001248537130656015,0.000766000000000000,0.000753000000000000,6.910593999999999681
11,0.000000000100000000,0.001248537113086737,0.001248537113086737,0.000815000000000000,0.000969000000000000,6.910593999999999681
11,0.000000000010000000,0.001248537109753135,0.001248537109753135,0.000989000000000000,0.000994000000000000,6.910593999999999681
11,0.000000000001000000,0.001248537109561473,0.001248537109561473,0.001069000000000000,0.001216000000000000,6.910593999999999681
11,0.000000000000100000,0.001248537109525089,0.001248537109525089,0.001257000000000000,0.001118000000000000,6.910593999999999681
11,0.000000000000010000,0.001248537109522795,0.001248537109522795,0.001089000000000000,0.001264000000000000,6.910593999999999681
11,0.000000000000001000,0.001248537109522595,0.001248537109522595,0.001236000000000000,0.001310000000000000,6.910593999999999681
11,0.000000000000000100,0.001248537109522592,0.001248537109522592,0.001300000000000000,0.001429000000000000,6.910593999999999681
12,0.100000000000000006,0.022836045410178488,0.022836045410178488,0.000229000000000000,0.000224000000000000,8.671053999999999817
12,0.010000000000000000,0.002892464115236489,0.002892464115236489,0.000276000000000000,0.000249000000000000,8.671053999999999817
12,0.001000000000000000,0.000968505861329174,0.000968505861329174,0.000492000000000000,0.000477000000000000,8.671053999999999817
12,0.000100000000000000,0.000934072444809103,0.000934072444809103,0.000803000000000000,0.000551000000000000,8.671053999999999817
12,0.000010000000000000,0.000935777396540092,0.000935777396540092,0.000646000000000000,0.000805000000000000,8.671053999999999817
12,0.000001000000000000,0.000935977398175392,0.000935977398175392,0.000849000000000000,0.000873000000000000,8.671053999999999817
12,0.000000100000000000,0.000936004744595319,0.000936004744595319,0.001013000000000000,0.000937000000000000,8.671053999999999817
12,0.000000010000000000,0.000936007956262077,0.000936007956262077,0.001054000000000000,0.001094000000000000,8.671053999999999817
12,0.000000001000000000,0.000936008214705818,0.000936008214705818,0.001199000000000000,0.001133000000000000,8.671053999999999817
12,0.000000000100000000,0.000936008245472405,0.000936008245472405,0.001258000000000000,0.001535000000000000,8.671053999999999817
12,0.000000000010000000,0.000936008247500923,0.000936008247500923,0.001293000000000000,0.001452000000000000,8.671053999999999817
12,0.000000000001000000,0.000936008247778288,0.000936008247778288,0.001495000000000000,0.001673000000000000,8.671053999999999817
12,0.000000000000100000,0.000936008247810873,0.000936008247810873,0.001612000000000000,0.001763000000000000,8.671053999999999817
12,0.000000000000010000,0.000936008247813486,0.000936008247813486,0.001905000000000000,0.001840000000000000,8.671053999999999817
12,0.000000000000001000,0.000936008247813803,0.000936008247813803,0.002006000000000000,0.002025000000000000,8.671053999999999817
12,0.000000000000000100,0.000936008247813824,0.000936008247813824,0.002198000000000000,0.002255000000000000,8.671053999999999817
13,0.100000000000000006,0.023861336061047303,0.023861336061047303,0.000275000000000000,0.000304000000000000,10.697373000000000687
13,0.010000000000000000,0.002417021333366127,0.002417021333366127,0.000517000000000000,0.000434000000000000,10.697373000000000687
13,0.001000000000000000,0.001092776840439214,0.001092776840439214,0.000662000000000000,0.000663000000000000,10.697373000000000687
13,0.000100000000000000,0.001075993756144834,0.001075993756144834,0.000809000000000000,0.000991000000000000,10.697373000000000687
13,0.000010000000000000,0.001076539623965461,0.001076539623965461,0.001125000000000000,0.001066000000000000,10.697373000000000687
13,0.000001000000000000,0.001076764439623475,0.001076764439623475,0.001301000000000000,0.001457000000000000,10.697373000000000687
13,0.000000100000000000,0.001076788154633787,0.001076788154633787,0.001558000000000000,0.001389000000000000,10.697373000000000687
13,0.000000010000000000,0.001076790656275860,0.001076790656275860,0.001616000000000000,0.001649000000000000,10.697373000000000687
13,0.000000001000000000,0.001076790935563540,0.001076790935563540,0.001995000000000000,0.002024000000000000,10.697373000000000687
13,0.000000000100000000,0.001076790949630096,0.001076790949630096,0.002002000000000000,0.002100000000000000,10.697373000000000687
13,0.000000000010000000,0.001076790951027496,0.001076790951027496,0.002249000000000000,0.002457000000000000,10.697373000000000687
13,0.000000000001000000,0.001076790951261341,0.001076790951261341,0.002548000000000000,0.002582000000000000,10.697373000000000687
13,0.000000000000100000,0.001076790951286015,0.001076790951286015,0.002478000000000000,0.002784000000000000,10.697373000000000687
13,0.000000000000010000,0.001076790951288774,0.001076790951288774,0.003275000000000000,0.003297000000000000,10.697373000000000687
13,0.000000000000001000,0.001076790951288903,0.001076790951288903,0.004237000000000000,0.003081000000000000,10.697373000000000687
13,0.000000000000000100,0.001076790951288924,0.001076790951288924,0.003954000000000000,0.004306000000000000,10.697373000000000687
14,0.100000000000000006,0.025689440212224326,0.025689440212224326,0.000361000000000000,0.000524000000000000,12.883167000000000257
14,0.010000000000000000,0.002688513752045906,0.002688513752045906,0.000595000000000000,0.000674000000000000,12.883167000000000257
14,0.001000000000000000,0.001262157041494735,0.001262157041494735,0.000923000000000000,0.000928000000000000,12.883167000000000257
14,0.000100000000000000,0.001243264253369033,0.001243264253369033,0.001143000000000000,0.001247000000000000,12.883167000000000257
14,0.000010000000000000,0.001242178395123771,0.001242178395123771,0.001468000000000000,0.001482000000000000,12.883167000000000257
14,0.000001000000000000,0.001242070741045300,0.001242070741045300,0.001745000000000000,0.001769000000000000,12.883167000000000257
14,0.000000100000000000,0.001242060062909312,0.001242060062909312,0.001967000000000000,0.002376000000000000,12.883167000000000257
14,0.000000010000000000,0.001242059003700867,0.001242059003700867,0.002189000000000000,0.002357000000000000,12.883167000000000257
14,0.000000001000000000,0.001242058898633075,0.001242058898633075,0.002497000000000000,0.002562000000000000,12.883167000000000257
14,0.000000000100000000,0.001242058888210903,0.001242058888210903,0.002659000000000000,0.002851000000000000,12.883167000000000257
14,0.000000000010000000,0.001242058887177091,0.001242058887177091,0.002998000000000000,0.003035000000000000,12.883167000000000257
14,0.000000000001000000,0.001242058887074534,0.001242058887074534,0.003425000000000000,0.003246000000000000,12.883167000000000257
14,0.000000000000100000,0.001242058887064574,0.001242058887064574,0.003579000000000000,0.003505000000000000,12.883167000000000257
14,0.000000000000010000,0.001242058887063351,0.001242058887063351,0.003809000000000000,0.003903000000000000,12.883167000000000257
14,0.000000000000001000,0.001242058887063240,0.001242058887063240,0.004241000000000000,0.004091000000000000,12.883167000000000257
14,0.000000000000000100,0.001242058887063230,0.001242058887063230,0.004402000000000000,0.004383000000000000,12.883167000000000257
15,0.100000000000000006,0.026793508677855675,0.026793508677855675,0.000555000000000000,0.000530000000000000,15.473167000000000115
15,0.010000000000000000,0.002519018498444984,0.002519018498444984,0.000905000000000000,0.000941000000000000,15.473167000000000115
15,0.001000000000000000,0.001129679591967230,0.001129679591967230,0.001247000000000000,0.001345000000000000,15.473167000000000115
15,0.000100000000000000,0.001104038703439357,0.001104038703439357,0.001619000000000000,0.001742000000000000,15.473167000000000115
15,0.000010000000000000,0.001103125300076517,0.001103125300076517,0.002016000000000000,0.002201000000000000,15.473167000000000115
15,0.000001000000000000,0.001103128131101827,0.001103128131101827,0.002394000000000000,0.002499000000000000,15.473167000000000115
15,0.000000100000000000,0.001103129374738916,0.001103129374738916,0.002783000000000000,0.002779000000000000,15.473167000000000115
15,0.000000010000000000,0.001103128422767959,0.001103128422767959,0.003530000000000000,0.003219000000000000,15.473167000000000115
15,0.000000001000000000,0.001103128425768691,0.001103128425768691,0.003583000000000000,0.003886000000000000,15.473167000000000115
15,0.000000000100000000,0.001103128426051230,0.001103128426051230,0.004046000000000000,0.004130000000000000,15.473167000000000115
15,0.000000000010000000,0.001103128426175000,0.001103128426175000,0.004512000000000000,0.004527000000000000,15.473167000000000115
15,0.000000000001000000,0.001103128426080246,0.001103128426080246,0.005298000000000000,0.004751000000000000,15.473167000000000115
15,0.000000000000100000,0.001103128426080539,0.001103128426080539,0.005020000000000000,0.005460000000000000,15.473167000000000115
15,0.000000000000010000,0.001103128426080575,0.001103128426080575,0.005592000000000000,0.005870000000000000,15.473167000000000115
15,0.000000000000001000,0.001103128426080579,0.001103128426080579,0.005934000000000000,0.005969000000000000,15.473167000000000115
15,0.000000000000000100,0.001103128426080597,0.001103128426080597,0.006126000000000000,0.006267000000000000,15.473167000000000115
16,0.100000000000000006,0.027626136790662975,0.027626136790662975,0.000767000000000000,0.000774000000000000,18.403666999999998666
16,0.010000000000000000,0.002236838723458110,0.002236838723458110,0.001428000000000000,0.001262000000000000,18.403666999999998666
16,0.001000000000000000,0.001063732248067874,0.001063732248067874,0.001820000000000000,0.001873000000000000,18.403666999999998666
16,0.000100000000000000,0.001106824792490262,0.001106824792490262,0.002432000000000000,0.002358000000000000,18.403666999999998666
16,0.000010000000000000,0.001112456160815547,0.001112456160815547,0.002672000000000000,0.002729000000000000,18.403666999999998666
16,0.000001000000000000,0.001113109107046965,0.001113109107046965,0.003350000000000000,0.003483000000000000,18.403666999999998666
16,0.000000100000000000,0.001113166466433522,0.001113166466433522,0.003954000000000000,0.003801000000000000,18.403666999999998666
16,0.000000010000000000,0.001113173053130003,0.001113173053130003,0.004183000000000000,0.005224000000000000,18.403666999999998666
16,0.000000001000000000,0.001113173641670261,0.001113173641670261,0.006322000000000000,0.005003000000000000,18.403666999999998666
16,0.000000000100000000,0.001113173698186125,0.001113173698186125,0.005585000000000000,0.005594000000000000,18.403666999999998666
16,0.000000000010000000,0.001113173704123015,0.001113173704123015,0.005897000000000000,0.006263000000000000,18.403666999999998666
16,0.000000000001000000,0.001113173704693114,0.001113173704693114,0.006273000000000000,0.006756000000000000,18.403666999999998666
16,0.000000000000100000,0.001113173704753007,0.001113173704753007,0.006881000000000000,0.007015000000000000,18.403666999999998666
16,0.000000000000010000,0.001113173704758760,0.001113173704758760,0.007298000000000000,0.007499000000000000,18.403666999999998666
16,0.000000000000001000,0.001113173704759357,0.001113173704759357,0.007881000000000001,0.008265000000000000,18.403666999999998666
16,0.000000000000000100,0.001113173704759406,0.001113173704759406,0.008042000000000001,0.008205000000000000,18.403666999999998666
17,0.100000000000000006,0.026058004318296673,0.026058004318296673,0.001230000000000000,0.001065000000000000,21.788819000000000159
17,0.010000000000000000,0.002755728185546320,0.002755728185546320,0.001661000000000000,0.001796000000000000,21.788819000000000159
17,0.001000000000000000,0.000977446306944205,0.000977446306944205,0.002409000000000000,0.002401000000000000,21.788819000000000159
17,0.000100000000000000,0.000984725274741496,0.000984725274741496,0.003023000000000000,0.003384000000000000,21.788819000000000159
17,0.000010000000000000,0.000986929699775734,0.000986929699775734,0.003689000000000000,0.003749000000000000,21.788819000000000159
17,0.000001000000000000,0.000987142229652317,0.000987142229652317,0.004480000000000000,0.005932000000000000,21.788819000000000159
17,0.000000100000000000,0.000987162272384535,0.000987162272384535,0.005016000000000000,0.005186000000000000,21.788819000000000159
17,0.000000010000000000,0.000987164423722837,0.000987164423722837,0.005925000000000000,0.005767000000000000,21.788819000000000159
17,0.000000001000000000,0.000987164631142803,0.000987164631142803,0.006616000000000000,0.006830000000000000,21.788819000000000159
17,0.000000000100000000,0.000987164650703799,0.000987164650703799,0.009371000000000001,0.007652000000000000,21.788819000000000159
17,0.000000000010000000,0.000987164652780543,0.000987164652780543,0.008407000000000000,0.007920999999999999,21.788819000000000159
17,0.000000000001000000,0.000987164653003458,0.000987164653003458,0.009015000000000000,0.008517000000000000,21.788819000000000159
17,0.000000000000100000,0.000987164653024946,0.000987164653024946,0.009395000000000001,0.009427000000000000,21.788819000000000159
17,0.000000000000010000,0.000987164653026979,0.000987164653026979,0.009877000000000000,0.010137000000000000,21.788819000000000159
17,0.000000000000001000,0.000987164653027192,0.000987164653027192,0.010522000000000000,0.010992999999999999,21.788819000000000159
17,0.000000000000000100,0.000987164653027205,0.000987164653027205,0.011311999999999999,0.011605000000000001,21.788819000000000159
18,0.100000000000000006,0.026947413559375168,0.026947413559375168,0.001290000000000000,0.001504000000000000,25.372554999999998415
18,0.010000000000000000,0.002637634597246942,0.002637634597246942,0.002376000000000000,0.002269000000000000,25.372554999999998415
18,0.001000000000000000,0.001053741614444618,0.001053741614444618,0.003139000000000000,0.003293000000000000,25.372554999999998415
18,0.000100000000000000,0.001045558726307016,0.001045558726307016,0.004166000000000000,0.004222000000000000,25.372554999999998415
18,0.000010000000000000,0.001046670210462152,0.001046670210462152,0.004922000000000000,0.005802000000000000,25.372554999999998415
18,0.000001000000000000,0.001046796181127380,0.001046796181127380,0.005962000000000000,0.006113000000000000,25.372554999999998415
18,0.000000100000000000,0.001046808939269809,0.001046808939269809,0.006986000000000000,0.006775000000000000,25.372554999999998415
18,0.000000010000000000,0.001046810231322080,0.001046810231322080,0.008384000000000001,0.007750000000000000,25.372554999999998415
18,0.000000001000000000,0.001046810362170990,0.001046810362170990,0.008810000000000000,0.008787000000000000,25.372554999999998415
18,0.000000000100000000,0.001046810375422340,0.001046810375422340,0.009682000000000000,0.009903000000000000,25.372554999999998415
18,0.000000000010000000,0.001046810376764329,0.001046810376764329,0.010753000000000000,0.010765000000000000,25.372554999999998415
18,0.000000000001000000,0.001046810376900238,0.001046810376900238,0.011615000000000000,0.011579000000000001,25.372554999999998415
18,0.000000000000100000,0.001046810376914004,0.001046810376914004,0.012201000000000000,0.012548999999999999,25.372554999999998415
18,0.000000000000010000,0.001046810376915406,0.001046810376915406,0.013309000000000000,0.014128999999999999,25.372554999999998415
18,0.000000000000001000,0.001046810376915556,0.001046810376915556,0.014836000000000000,0.014848000000000000,25.372554999999998415
18,0.000000000000000100,0.001046810376915579,0.001046810376915579,0.015597000000000000,0.015972000000000000,25.372554999999998415
19,0.100000000000000006,0.028234679075357233,0.028234679075357233,0.001867000000000000,0.001841000000000000,30.008264000000000493
19,0.010000000000000000,0.002936377506788287,0.002936377506788287,0.003137000000000000,0.003186000000000000,30.008264000000000493
19,0.001000000000000000,0.001131133405659281,0.001131133405659281,0.004248000000000000,0.004380000000000000,30.008264000000000493
19,0.000100000000000000,0.001059915958597854,0.001059915958597854,0.005145000000000000,0.005474000000000000,30.008264000000000493
19,0.000010000000000000,0.001056335734461683,0.001056335734461683,0.006424000000000000,0.006416000000000000,30.008264000000000493
19,0.000001000000000000,0.001055993170404846,0.001055993170404846,0.008635000000000000,0.008676000000000000,30.008264000000000493
19,0.000000100000000000,0.001055959876382367,0.001055959876382367,0.009126000000000000,0.009187000000000001,30.008264000000000493
19,0.000000010000000000,0.001055956795329176,0.001055956795329176,0.010401000000000001,0.010423999999999999,30.008264000000000493
19,0.000000001000000000,0.001055956504093111,0.001055956504093111,0.012737000000000000,0.012163000000000000,30.008264000000000493
19,0.000000000100000000,0.001055956467748748,0.001055956467748748,0.012860999999999999,0.013942000000000000,30.008264000000000493
19,0.000000000010000000,0.001055956464218278,0.001055956464218278,0.015761000000000001,0.014560999999999999,30.008264000000000493
19,0.000000000001000000,0.001055956463875334,0.001055956463875334,0.015303000000000001,0.015069000000000001,30.008264000000000493
19,0.000000000000100000,0.001055956463842029,0.001055956463842029,0.016364000000000000,0.016181000000000001,30.008264000000000493
19,0.000000000000010000,0.001055956463838778,0.001055956463838778,0.018138999999999999,0.017233999999999999,30.008264000000000493
19,0.000000000000001000,0.001055956463838471,0.001055956463838471,0.019168999999999999,0.018957000000000002,30.008264000000000493
19,0.000000000000000100,0.001055956463838446,0.001055956463838446,0.020468000000000000,0.020664999999999999,30.008264000000000493
20,0.100000000000000006,0.026733067606861245,0.026733067606861245,0.002611000000000000,0.002483000000000000,34.405957000000000789
20,0.010000000000000000,0.003096275797120958,0.003096275797120958,0.003856000000000000,0.004177000000000000,34.405957000000000789
20,0.001000000000000000,0.001093329870002939,0.001093329870002939,0.006018000000000000,0.005653000000000000,34.405957000000000789
20,0.000100000000000000,0.001033642410588372,0.001033642410588372,0.007561000000000000,0.007087000000000000,34.405957000000000789
20,0.000010000000000000,0.001029252263617086,0.001029252263617086,0.008992999999999999,0.008727000000000000,34.405957000000000789
20,0.000001000000000000,0.001028867966863156,0.001028867966863156,0.010947000000000000,0.012040000000000000,34.405957000000000789
20,0.000000100000000000,0.001028832713537626,0.001028832713537626,0.012288000000000000,0.012824000000000000,34.405957000000000789
20,0.000000010000000000,0.001028828732702796,0.001028828732702796,0.014277000000000000,0.014641000000000000,34.405957000000000789
20,0.000000001000000000,0.001028828366868398,0.001028828366868398,0.015789999999999998,0.016022000000000002,34.405957000000000789
20,0.000000000100000000,0.001028828325558102,0.001028828325558102,0.022959000000000000,0.019212000000000000,34.405957000000000789
20,0.000000000010000000,0.001028828321688385,0.001028828321688385,0.019005999999999999,0.019404000000000001,34.405957000000000789
20,0.000000000001000000,0.001028828321333018,0.001028828321333018,0.020802000000000001,0.020832000000000000,34.405957000000000789
20,0.000000000000100000,0.001028828321292887,0.001028828321292887,0.021891000000000001,0.022162000000000001,34.405957000000000789
20,0.000000000000010000,0.001028828321289200,0.001028828321289200,0.023907000000000001,0.024007000000000001,34.405957000000000789
20,0.000000000000001000,0.001028828321288785,0.001028828321288785,0.024323000000000001,0.024223999999999999,34.405957000000000789
20,0.000000000000000100,0.001028828321288754,0.001028828321288754,0.026689999999999998,0.027473000000000001,34.405957000000000789
